-- Début de la transaction
START TRANSACTION;
SET time_zone = "+00:00";

-- Base de données : `cinephoria`

-- Table Cinémas
TRUNCATE TABLE `cinemas`;
INSERT INTO `cinemas` (`id`, `nom`, `adresse1`, `adresse2`, `cp`, `ville`, `technologies`) VALUES
(1, 'Cinephoria Nantes', '8 Allée la Pérouse', NULL, '44800', 'Saint-Herblain', '[]'),
(2, 'Cinephoria Bordeaux', '23 Allée du 7ème Art', NULL, '33400', 'Talence', '[]'),
(3, 'Cinephoria Toulouse', 'Place Marcel Bouilloux-Lafont', NULL, '31400', 'Toulouse', '[]'),
(4, 'Cinephoria Paris', 'Place du Maquis du Vercors', NULL, '75020', 'Paris', '[]'),
(5, 'Cinephoria Lille', '21 Avenue de l\'Avenir', NULL, '59650', 'Villeneuve-d\'Ascq', '[]'),
(6, 'Cinephoria Charleroi', 'Grand\'Rue 141/143', NULL, '6000', 'Charleroi, Belgique', '[]'),
(7, 'Cinephoria Liège', 'Chaussée de Tongres 200', NULL, '4000', 'Liège, Belgique', '[]');


-- TABLE Films
TRUNCATE TABLE `films`;
INSERT INTO `films` (`id`, `titre`, `affiche`, `description`, `genre`, `age_mini`, `coup_de_coeur`, `score`, `duree`, `date_ajout`, `realisateur`, `acteurs`, `avertissement`) VALUES
(1, 'Vaiana 2', '2024-11-27-vaiana-2', 'Après avoir reçu une invitation inattendue de ses ancêtres, Vaiana entreprend un périple qui la conduira jusqu’aux eaux dangereuses situées aux confins des mers des îles du Pacifique. Elle y vivra des péripéties comme jamais vécues auparavant.', '[\"aventure\", \"animation\", \"famille\"]', 0, 0, NULL, '01:40:00', '2024-11-27 00:00:00', 'David G. Derrick Jr., Jason Hand, Dana Ledoux Miller', 'Cerise Calixte, Auli\'i Cravalho, Anthony Kavanagh', NULL),
(2, 'Sonic 3 - le film', '2024-12-25-sonic-3-le-film', 'Sonic, Knuckles et Tails se retrouvent face à un nouvel adversaire, Shadow, mystérieux et puissant ennemi aux pouvoirs inédits. Dépassée sur tous les plans, la Team Sonic va devoir former une alliance improbable pour tenter d’arrêter Shadow et protéger notre planète.', '[\"aventure\", \"animation\"]', 8, 1, NULL, '01:49:00', '2024-12-25 00:00:00', 'Jeff Fowler', 'Ben Schwartz, Idris Elba, Colleen O\'Shaughnessey', NULL),
(3, 'Une nuit au zoo', '2025-01-29-une-nuit-au-zoo', 'Une nuit, une météorite s\'écrase sur le zoo de Colepepper, libérant un virus qui transforme les animaux en mutants zombies baveux ! Gracie, une jeune louve excentrique, s\'associe avec Dan, un puma bourru et redoutable, pour trouver un moyen de retourner à sa meute. Alors que tout le zoo va être contaminé, ils doivent élaborer un plan pour que les animaux redeviennent eux-mêmes. Avec l\'aide d\'un groupe de survivants - Xavier, le lémurien cinéphile ; Frida, la capybara fougueuse ; Ash, l\'autruche sarcastique et Félix, le singe perfide - ils se lancent dans une mission périlleuse pour vaincre les zombies, déterminés à répandre le virus au-delà des murs du zoo. Bienvenue dans l’horrible…. NUIT AU ZOO !', '[\"aventure\", \"animation\", \"comedie\", \"famille\"]', 8, 0, NULL, '01:31:00', '2025-01-29 00:00:00', 'Ricardo Curtis, Rodrigo Perez-Castro', 'David Harbour, Gabbi Kosmidis, Bryn McAuley', 'Certaines scènes peuvent impressionner un très jeune public'),
(4, 'Un parfait inconnu', '2025-01-29-un-parfait-inconnu', 'New York, 1961. Alors que la scène musicale est en pleine effervescence et que la société est en proie à des bouleversements culturels, un énigmatique jeune homme de 19 ans débarque du Minnesota avec sa guitare et son talent hors normes qui changeront à jamais le cours de la musique américaine. Durant son ascension fulgurante, il noue d’intimes relations avec des musiciens légendaires de Greenwich Village, avec en point d’orgue une performance révolutionnaire et controversée qui créera une onde de choc dans le monde entier…', '[\"biopic\", \"drame\", \"musical\"]', 0, 1, NULL, '02:20:00', '2025-01-29 00:00:00', 'James Mangold', 'Timothée Chalamet, Edward Norton, Elle Fanning', NULL),
(5, 'Un ours dans le jura', '2025-01-01-un-ours-dans-le-jura', 'Michel et Cathy, un couple usé par le temps et les difficultés financières, ne se parle plus vraiment. Jusqu’au jour où Michel, pour éviter un ours sur la route, heurte une voiture et tue les deux occupants. 2 morts et 2 millions en billets usagés dans le coffre, forcément, ça donne envie de se reparler. Et surtout de se taire.', '[\"comedie\", \"thriller\"]', 0, 0, NULL, '01:53:00', '2025-01-01 00:00:00', 'Franck Dubosc', 'Franck Dubosc, Laure Calamy, Benoît Poelvoorde', 'Plusieurs scènes représentant des morts violentes sont susceptibles d\'impressionner un public sensible.'),
(6, 'The Brutalist', '2025-02-12-the-brutalist', 'Fuyant l’Europe d’après-guerre, l’architecte visionnaire László Tóth arrive en Amérique pour y reconstruire sa vie, sa carrière et le couple qu’il formait avec sa femme Erzsébet, que les fluctuations de frontières et de régimes de l’Europe en guerre ont gravement mis à mal.\r\n\r\nLivré à lui-même en terre étrangère, László pose ses valises en Pennsylvanie où l’éminent et fortuné industriel Harrison Lee Van Buren reconnaît son talent de bâtisseur. Mais le pouvoir et la postérité ont un lourd coût.', '[\"drame\"]', 0, 1, NULL, '03:34:00', '2025-02-12 00:00:00', 'Brady Corbet', 'Adrien Brody, Felicity Jones, Guy Pearce', 'Certaines scènes d\'abus et de prises de drogue ajoutent à la dureté de ce film qui peut impressionner un jeune public.'),
(7, 'Paddington au Pérou', '2025-02-05-paddington-au-perou', 'Alors que Paddington rend visite à sa tante Lucy bien-aimée, qui réside désormais à la Maison des ours retraités au Pérou, la famille Brown et notre ours préféré plongent dans un voyage inattendu et plein de mystères, à travers la forêt amazonienne et jusqu\'aux sommets des montagnes du Machu Picchu.', '[\"aventure\", \"comedie\", \"famille\"]', 6, 1, NULL, '01:45:00', '2025-02-05 00:00:00', 'Dougal Wilson', 'Guillaume Gallienne, Ben Whishaw, Hugh Bonneville', NULL),
(8, 'Mufasa : Le Roi Lion', '2024-12-18-mufasa-le-roi-lion', 'Rafiki raconte à la jeune lionne Kiara - la fille de Simba et Nala – la légende de Mufasa. Il est aidé en cela par Timon et Pumbaa, dont les formules choc sont désormais bien connues. Relatée sous forme de flashbacks, l\'histoire de Mufasa est celle d’un lionceau orphelin, seul et désemparé qui, un jour, fait la connaissance du sympathique Taka, héritier d\'une lignée royale. Cette rencontre fortuite marque le point de départ d’un périple riche en péripéties d’un petit groupe « d’indésirables » qui s’est formé autour d’eux et qui est désormais à la recherche de son destin. Leurs liens d’amitié seront soumis à rude épreuve lorsqu’il leur faudra faire équipe pour échapper à un ennemi aussi menaçant que mortel…', '[\"aventure\", \"animation\", \"famille\", \"musical\"]', 8, NULL, NULL, '01:58:00', '2024-12-18 00:00:00', 'Barry Jenkins', 'Tahar Rahim, Aaron Pierre, Gwendal Marimoutou', NULL),
(9, 'Le Mohican', '2025-02-12-le-mohican', 'En plein cœur de l’été, Joseph, l’un des derniers bergers du littoral corse, voit son terrain convoité par le milieu pour un projet immobilier. Il refuse de céder. Cela signerait la fin d’un monde. Quand il tue accidentellement l’homme venu l’intimider, il est forcé de prendre la fuite et devient la proie d’une traque sans répit du sud au nord de l’île. Portée par sa nièce Vannina, la légende de Joseph, incarnant une résistance réputée impossible, grandit au fil des jours et se propage dans toute la Corse…', '[\"drame\", \"thriller\"]', 0, NULL, NULL, '01:27:00', '2025-02-12 00:00:00', 'Frédéric Farrucci', 'Alexis Manenti, Mara Taquin, Théo Frimigacci', NULL),
(10, 'Le Dernier souffle', '2025-02-12-le-dernier-souffle', 'Dans un dialogue amical et passionné, le docteur Augustin Masset et l’écrivain Fabrice Toussaint se confrontent pour l’un à la fin de vie de ses patients et pour l’autre à sa propre fatalité. Emportés par un tourbillon de visites et de rencontres, tous deux démarrent un voyage sensible entre rires et larmes : une aventure humaine au cœur de notre vie à tous.', '[\"drame\"]', 0, NULL, NULL, '01:39:00', '2025-02-12 00:00:00', 'Costa-Gavras', 'Denis Podalydès, Kad Merad, Marilyne Canto', NULL),
(11, 'La Pie voleuse', '2025-01-29-la-pie-voleuse', 'Maria n’est plus toute jeune et aide des personnes plus âgées qu’elle. Tirant le diable par la queue, elle ne se résout pas à sa précaire condition et, par-ci par-là, vole quelques euros à tous ces braves gens dont elle s’occupe avec une dévotion extrême… et qui, pour cela, l’adorent… Pourtant une plainte pour abus de faiblesse conduira Maria en garde à vue…', '[\"drame\"]', 0, NULL, NULL, '01:41:00', '2025-01-29 00:00:00', 'Robert Guédiguian', 'Ariane Ascaride, Jean-Pierre Darroussin, Gérard Meylan', NULL),
(12, 'Jouer avec le feu', '2025-01-22-jouer-avec-le-feu', 'Pierre élève seul ses deux fils. Louis, le cadet, réussit ses études et avance facilement dans la vie. Fus, l’aîné, part à la dérive. Fasciné par la violence et les rapports de force, il se rapproche de groupes d’extrême-droite, à l’opposé des valeurs de son père. Pierre assiste impuissant à l’emprise de ces fréquentations sur son fils. Peu à peu, l’amour cède place à l’incompréhension…', '[\"drame\"]', 0, NULL, NULL, '01:58:00', '2025-01-22 00:00:00', 'Delphine Coulin, Muriel Coulin', 'Vincent Lindon, Benjamin Voisin, Stefan Crepon', NULL),
(13, 'God Save the Tuche', '2025-02-05-god-save-the-tuche', 'Les Tuche mènent à nouveau une vie paisible à Bouzolles. Mais lorsque le petit-fils de Jeff et Cathy est sélectionné pour un stage de football à Londres, c’est l’occasion rêvée pour toute la famille d’aller découvrir l’Angleterre et de rencontrer la famille royale. Entre chocs culturels et maladresses, les Tuche se retrouvent plongés au cœur de la royauté anglaise, qui n’est pas près d’oublier leur séjour !', '[\"comedie\"]', 0, NULL, NULL, '01:35:00', '2025-02-05 00:00:00', 'Jean-Paul Rouve', 'Jean-Paul Rouve, Isabelle Nanty, Claire Nadeau', NULL),
(14, 'Daffy et Porky sauvent le monde', '2025-02-12-daffy-et-porky-sauvent-le-monde', 'L’un des plus grands duos comiques de l’Histoire, Daffy Duck et Porky Pig, fait son grand retour au cinéma dans une nouvelle comédie déjantée. Enchaînant les gags et les catastrophes dont seuls les Toons sont capables, Daffy Duck, Porky Pig et une nouvelle venue prénommée Petunia Pig vont tenter de sauver le monde d’une terrible menace.', '[\"aventure\", \"animation\", \"comedie\", \"famille\", \"science_fiction\"]', 6, NULL, NULL, '01:31:00', '2025-02-12 00:00:00', 'Peter Browngardt', 'Emmanuel Garijo, Eric Bauza, Michel Mella', NULL),
(15, 'Captain America: Brave New World', '2025-02-12-captain-america-brave-new-world', 'Peu après avoir fait la connaissance du nouveau président des Etats-Unis Thaddeus Ross, Sam Wilson se retrouve plongé au coeur d\'un gigantesque incident international. Dans une lutte acharnée contre la montre, il se retrouve contraint de découvrir la raison de cet infâme complot avant que le véritable cerveau de l’opération ne mette bientôt le monde entier à feu et à sang…', '[\"action\", \"aventure\", \"fantastique\"]', 0, NULL, NULL, '01:58:00', '2025-02-12 00:00:00', 'Julius Onah', 'Anthony Mackie, Harrison Ford, Danny Ramirez', NULL),
(16, 'Bridget Jones : folle de lui', '2025-02-12-bridget-jones-folle-de-lui', 'Bridget Jones a cinquante-deux ans et deux enfants. Après le décès de Mark Darcy, avec qui elle a vécu dix ans de bonheur, elle est à nouveau en quête de l\'homme idéal. Mais ce n\'est pas si facile de se remettre sur le marché du célibat. Les mésaventures de Bridget n\'ont rien perdu de leur piquant !', '[\"comedie\", \"romance\"]', 0, 1, NULL, '02:04:00', '2025-02-12 00:00:00', 'Michael Morris', 'Renée Zellweger, Chiwetel Ejiofor, Leo Woodall', NULL),
(17, 'Dis-moi juste que tu m\'aimes', '2025-02-19-dis-moi-juste-que-tu-maimes', 'Au bout de quinze ans de mariage, une crise met à l’épreuve l’union de Julien et Marie. Dans le couple, cette dernière a toujours été celle qui aimait le plus, aussi, au moment où Anaëlle, le grand amour de jeunesse de son mari Julien, réapparait dans le paysage, Marie panique. Perdue dans une spirale infernale de jalousie et d’autodépréciation, Marie se laisse entraîner dans une aventure avec Thomas, son nouveau supérieur hiérarchique. Celui-ci va se révéler aussi manipulateur que dangereux, jusqu’à faire basculer leur liaison dans le fait-divers.', '[\"drame\"]', 0, NULL, NULL, '01:51:00', '2025-02-19 00:00:00', 'Anne Le Ny', 'Omar Sy, Élodie Bouchez, Vanessa Paradis', NULL),
(18, 'Mercato', '2025-02-19-mercato', 'Mercato nous plonge dans les coulisses du football d’aujourd’hui, industrie planétaire où les intérêts se chiffrent en milliards. Driss, agent de joueurs, a sept jours pour sauver sa peau avant la fin du mercato...', '[\"comedie_dramatique\", \"thriller\"]', 0, NULL, NULL, '01:59:00', '2025-02-19 00:00:00', 'Tristan Séguéla', 'Jamel Debbouze, Monia Chokri, Hakim Jemili', NULL),
(19, 'L’Attachement', '2025-02-19-lattachement', 'Sandra, quinquagénaire farouchement indépendante, partage soudainement et malgré elle l’intimité de son voisin de palier et de ses deux enfants. Contre toute attente, elle s’attache peu à peu à cette famille d’adoption.', '[\"drame\"]', 0, 1, NULL, '01:45:00', '2025-02-19 00:00:00', 'Carine Tardieu', 'Valeria Bruni Tedeschi, Pio Marmaï, Vimala Pons', NULL),
(20, 'The Monkey', '2025-02-19-the-monkey', 'Lorsque Bill et Hal, des jumeaux, trouvent dans le grenier un vieux jouet ayant appartenu à leur père, une série de morts atroces commence à se produire autour d\'eux...', '[\"comedie\", \"epouvante_horreur\"]', 12, NULL, NULL, '01:39:00', '2025-02-19 00:00:00', 'Osgood Perkins', 'Theo James, Elijah Wood, Tatiana Maslany', NULL),
(21, 'La Vie devant moi', '2025-02-26-la-vie-devant-moi', 'En 1942, Tauba, une adolescente pleine d’énergie, échappe de justesse avec ses parents à la rafle du Vel d’Hiv. Un couple, les Dinanceau, leur propose de les cacher provisoirement dans un minuscule débarras de leur immeuble, sous les toits de Paris, le temps que les choses se calment. Malheureusement, ce qui devait être temporaire s’éternise, et la famille s’enfonce dans le silence et l’immobilité. Mais Tauba est une battante, et rien ne l’empêchera de bousculer son destin.\r\n\r\nD’après une histoire vraie.', '[\"drame\", \"historique\"]', 0, NULL, NULL, '01:31:00', '2025-02-26 00:00:00', 'Nils Tavernier', 'Guillaume Gallienne, Violette Guillon, Adeline D\'Hermy', NULL),
(22, 'À bicyclette !', '2025-02-26-a-bicyclette', 'De l’Atlantique à la mer Noire, Mathias embarque son meilleur ami Philippe dans un road trip à bicyclette. Ensemble ils vont refaire le voyage que Youri, son fils, avait entrepris avant de disparaitre tragiquement. Une épopée qu’ils traverseront avec tendresse, humour et émotion.', '[\"comedie_dramatique\"]', 0, 1, NULL, '01:29:00', '2025-02-26 00:00:00', 'Mathias Mlekuz', 'Mathias Mlekuz, Philippe Rebbot, Josef Mlekuz', NULL),
(23, 'A Real Pain', '2025-02-26-a-real-pain', 'Deux cousins aux caractères diamétralement opposés - David et Benji - se retrouvent à l’occasion d’un voyage en Pologne afin d’honorer la mémoire de leur grand-mère bien-aimée. Leur odyssée va prendre une tournure inattendue lorsque les vieilles tensions de ce duo improbable vont refaire surface avec, en toile de fond, l’histoire de leur famille…', '[\"comedie_dramatique\"]', 0, NULL, NULL, '01:29:00', '2025-02-26 00:00:00', 'Jesse Eisenberg', 'Jesse Eisenberg, Kieran Culkin, Will Sharpe', NULL);


-- Table Salles
TRUNCATE TABLE `salles`;
INSERT INTO `salles` (`id`, `cinema_id_id`, `places`, `technologies`, `salle_nom`) VALUES
(1, 1, 168, '[\"imax\", \"3d\"]', 'Salle IMAX'),
(2, 1, 96, '[\"4dx-ice\", \"3d\"]', 'Salle ICE - 4DX'),
(3, 1, 80, '[\"onyx\", \"3d\"]', 'Salle Onyx'),
(4, 2, 168, '[\"imax\", \"3d\"]', 'Salle IMAX'),
(5, 2, 96, '[\"4dx-ice\", \"3d\"]', 'Salle ICE - 4DX'),
(6, 2, 80, '[\"onyx\", \"3d\"]', 'Salle Onyx'),
(7, 3, 168, '[\"imax\", \"3d\"]', 'Salle IMAX'),
(8, 3, 96, '[\"4dx-ice\", \"3d\"]', 'Salle ICE - 4DX'),
(9, 3, 80, '[\"onyx\", \"3d\"]', 'Salle Onyx'),
(10, 4, 168, '[\"imax\", \"3d\"]', 'Salle IMAX'),
(11, 4, 96, '[\"4dx-ice\", \"3d\"]', 'Salle ICE - 4DX'),
(12, 4, 80, '[\"onyx\", \"3d\"]', 'Salle Onyx'),
(13, 5, 168, '[\"imax\", \"3d\"]', 'Salle IMAX'),
(14, 5, 96, '[\"4dx-ice\", \"3d\"]', 'Salle ICE - 4DX'),
(15, 5, 80, '[\"onyx\", \"3d\"]', 'Salle Onyx'),
(16, 6, 168, '[\"imax\", \"3d\"]', 'Salle IMAX'),
(17, 6, 96, '[\"4dx-ice\", \"3d\"]', 'Salle ICE - 4DX'),
(18, 6, 80, '[\"onyx\", \"3d\"]', 'Salle Onyx'),
(19, 7, 168, '[\"imax\", \"3d\"]', 'Salle IMAX'),
(20, 7, 96, '[\"4dx-ice\", \"3d\"]', 'Salle ICE - 4DX'),
(21, 7, 80, '[\"onyx\", \"3d\"]', 'Salle Onyx');



-- Table Séances
TRUNCATE TABLE `seances`;
INSERT INTO `seances` (`id`, `film_id_id`, `salle_id_id`, `date_debut`, `date_fin`, `cinema_id`, `technologies`) VALUES
(1, 18, 1, '2025-02-26 14:00:00', '2025-02-26 16:09:00', 1, NULL),
(2, 2, 2, '2025-02-26 20:00:00', '2025-02-26 21:59:00', 1, NULL),
(3, 21, 1, '2025-02-26 20:00:00', '2025-02-26 21:41:00', 1, NULL),
(4, 22, 3, '2025-02-26 20:00:00', '2025-02-26 21:39:00', 1, NULL),
(5, 15, 2, '2025-02-26 22:30:00', '2025-02-27 00:38:00', 1, NULL),
(6, 23, 1, '2025-02-26 22:30:00', '2025-02-27 00:09:00', 1, NULL),
(7, 18, 3, '2025-02-26 22:30:00', '2025-02-27 00:39:00', 1, NULL),
(8, 1, 1, '2025-02-27 10:00:00', '2025-02-27 11:50:00', 1, NULL),
(9, 2, 2, '2025-02-27 10:00:00', '2025-02-27 11:59:00', 1, NULL),
(10, 7, 2, '2025-02-27 13:00:00', '2025-02-27 14:55:00', 1, NULL),
(11, 15, 2, '2025-02-27 16:20:00', '2025-02-27 18:28:00', 1, NULL),
(12, 15, 2, '2025-02-27 19:00:00', '2025-02-27 21:08:00', 1, NULL),
(13, 15, 2, '2025-02-27 21:30:00', '2025-02-27 23:38:00', 1, NULL),
(14, 21, 1, '2025-02-27 13:00:00', '2025-02-27 14:41:00', 1, NULL),
(15, 21, 1, '2025-02-27 15:00:00', '2025-02-27 16:41:00', 1, NULL),
(16, 22, 1, '2025-02-27 17:00:00', '2025-02-27 18:39:00', 1, NULL),
(17, 22, 1, '2025-02-27 19:00:00', '2025-02-27 20:39:00', 1, NULL),
(18, 22, 1, '2025-02-27 21:00:00', '2025-02-27 22:39:00', 1, NULL),
(19, 3, 1, '2025-02-27 23:00:00', '2025-02-28 00:41:00', 1, NULL),
(20, 8, 3, '2025-02-27 10:00:00', '2025-02-27 12:08:00', 1, NULL),
(21, 18, 3, '2025-02-27 13:00:00', '2025-02-27 15:09:00', 1, NULL),
(22, 23, 3, '2025-02-27 15:30:00', '2025-02-27 17:09:00', 1, NULL),
(23, 17, 3, '2025-02-27 17:30:00', '2025-02-27 19:31:00', 1, NULL),
(24, 13, 3, '2025-02-27 20:00:00', '2025-02-27 21:45:00', 1, NULL),
(25, 20, 3, '2025-02-27 22:00:00', '2025-02-27 23:49:00', 1, NULL),
(26, 1, 1, '2025-02-28 10:00:00', '2025-02-28 11:50:00', 1, NULL),
(27, 2, 2, '2025-02-28 10:00:00', '2025-02-28 11:59:00', 1, NULL),
(28, 7, 2, '2025-02-28 13:00:00', '2025-02-28 14:55:00', 1, NULL),
(29, 15, 2, '2025-02-28 16:20:00', '2025-02-28 18:28:00', 1, NULL),
(30, 15, 2, '2025-02-28 19:00:00', '2025-02-28 21:08:00', 1, NULL),
(31, 15, 2, '2025-02-28 21:30:00', '2025-02-28 23:38:00', 1, NULL),
(32, 21, 1, '2025-02-28 13:00:00', '2025-02-28 14:41:00', 1, NULL),
(33, 21, 1, '2025-02-28 15:00:00', '2025-02-28 16:41:00', 1, NULL),
(34, 22, 1, '2025-02-28 17:00:00', '2025-02-28 18:39:00', 1, NULL),
(35, 22, 1, '2025-02-28 19:00:00', '2025-02-28 20:39:00', 1, NULL),
(36, 22, 1, '2025-02-28 21:00:00', '2025-02-28 22:39:00', 1, NULL),
(37, 3, 1, '2025-02-28 23:00:00', '2025-03-01 00:41:00', 1, NULL),
(38, 8, 3, '2025-02-28 10:00:00', '2025-02-28 12:08:00', 1, NULL),
(39, 18, 3, '2025-02-28 13:00:00', '2025-02-28 15:09:00', 1, NULL),
(40, 23, 3, '2025-02-28 15:30:00', '2025-02-28 17:09:00', 1, NULL),
(41, 17, 3, '2025-02-28 17:30:00', '2025-02-28 19:31:00', 1, NULL),
(42, 13, 3, '2025-02-28 20:00:00', '2025-02-28 21:45:00', 1, NULL),
(43, 20, 3, '2025-02-28 22:00:00', '2025-02-28 23:49:00', 1, NULL),
(44, 1, 1, '2025-03-01 10:00:00', '2025-03-01 11:50:00', 1, NULL),
(45, 2, 2, '2025-03-01 10:00:00', '2025-03-01 11:59:00', 1, NULL),
(46, 7, 2, '2025-03-01 13:00:00', '2025-03-01 14:55:00', 1, NULL),
(47, 15, 2, '2025-03-01 16:20:00', '2025-03-01 18:28:00', 1, NULL),
(48, 15, 2, '2025-03-01 19:00:00', '2025-03-01 21:08:00', 1, NULL),
(49, 15, 2, '2025-03-01 21:30:00', '2025-03-01 23:38:00', 1, NULL),
(50, 21, 1, '2025-03-01 13:00:00', '2025-03-01 14:41:00', 1, NULL),
(51, 21, 1, '2025-03-01 15:00:00', '2025-03-01 16:41:00', 1, NULL),
(52, 22, 1, '2025-03-01 17:00:00', '2025-03-01 18:39:00', 1, NULL),
(53, 22, 1, '2025-03-01 19:00:00', '2025-03-01 20:39:00', 1, NULL),
(54, 22, 1, '2025-03-01 21:00:00', '2025-03-01 22:39:00', 1, NULL),
(55, 3, 1, '2025-03-01 23:00:00', '2025-03-02 00:41:00', 1, NULL),
(56, 8, 3, '2025-03-01 10:00:00', '2025-03-01 12:08:00', 1, NULL),
(57, 18, 3, '2025-03-01 13:00:00', '2025-03-01 15:09:00', 1, NULL),
(58, 23, 3, '2025-03-01 15:30:00', '2025-03-01 17:09:00', 1, NULL),
(59, 17, 3, '2025-03-01 17:30:00', '2025-03-01 19:31:00', 1, NULL),
(60, 13, 3, '2025-03-01 20:00:00', '2025-03-01 21:45:00', 1, NULL),
(61, 20, 3, '2025-03-01 22:00:00', '2025-03-01 23:49:00', 1, NULL),
(62, 1, 1, '2025-03-02 10:00:00', '2025-03-02 11:50:00', 1, NULL),
(63, 2, 2, '2025-03-02 10:00:00', '2025-03-02 11:59:00', 1, NULL),
(64, 7, 2, '2025-03-02 13:00:00', '2025-03-02 14:55:00', 1, NULL),
(65, 15, 2, '2025-03-02 16:20:00', '2025-03-02 18:28:00', 1, NULL),
(66, 15, 2, '2025-03-02 19:00:00', '2025-03-02 21:08:00', 1, NULL),
(67, 15, 2, '2025-03-02 21:30:00', '2025-03-02 23:38:00', 1, NULL),
(68, 21, 1, '2025-03-02 13:00:00', '2025-03-02 14:41:00', 1, NULL),
(69, 21, 1, '2025-03-02 15:00:00', '2025-03-02 16:41:00', 1, NULL),
(70, 22, 1, '2025-03-02 17:00:00', '2025-03-02 18:39:00', 1, NULL),
(71, 22, 1, '2025-03-02 19:00:00', '2025-03-02 20:39:00', 1, NULL),
(72, 22, 1, '2025-03-02 21:00:00', '2025-03-02 22:39:00', 1, NULL),
(73, 3, 1, '2025-03-02 23:00:00', '2025-03-03 00:41:00', 1, NULL),
(74, 8, 3, '2025-03-02 10:00:00', '2025-03-02 12:08:00', 1, NULL),
(75, 18, 3, '2025-03-02 13:00:00', '2025-03-02 15:09:00', 1, NULL),
(76, 23, 3, '2025-03-02 15:30:00', '2025-03-02 17:09:00', 1, NULL),
(77, 17, 3, '2025-03-02 17:30:00', '2025-03-02 19:31:00', 1, NULL),
(78, 13, 3, '2025-03-02 20:00:00', '2025-03-02 21:45:00', 1, NULL),
(79, 20, 3, '2025-03-02 22:00:00', '2025-03-02 23:49:00', 1, NULL),
(80, 1, 1, '2025-03-03 10:00:00', '2025-03-03 11:50:00', 1, NULL),
(81, 2, 2, '2025-03-03 10:00:00', '2025-03-03 11:59:00', 1, NULL),
(82, 7, 2, '2025-03-03 13:00:00', '2025-03-03 14:55:00', 1, NULL),
(83, 15, 2, '2025-03-03 16:20:00', '2025-03-03 18:28:00', 1, NULL),
(84, 15, 2, '2025-03-03 19:00:00', '2025-03-03 21:08:00', 1, NULL),
(85, 15, 2, '2025-03-03 21:30:00', '2025-03-03 23:38:00', 1, NULL),
(86, 21, 1, '2025-03-03 13:00:00', '2025-03-03 14:41:00', 1, NULL),
(87, 21, 1, '2025-03-03 15:00:00', '2025-03-03 16:41:00', 1, NULL),
(88, 22, 1, '2025-03-03 17:00:00', '2025-03-03 18:39:00', 1, NULL),
(89, 22, 1, '2025-03-03 19:00:00', '2025-03-03 20:39:00', 1, NULL),
(90, 22, 1, '2025-03-03 21:00:00', '2025-03-03 22:39:00', 1, NULL),
(91, 3, 1, '2025-03-03 23:00:00', '2025-03-04 00:41:00', 1, NULL),
(92, 8, 3, '2025-03-03 10:00:00', '2025-03-03 12:08:00', 1, NULL),
(93, 18, 3, '2025-03-03 13:00:00', '2025-03-03 15:09:00', 1, NULL),
(94, 23, 3, '2025-03-03 15:30:00', '2025-03-03 17:09:00', 1, NULL),
(95, 17, 3, '2025-03-03 17:30:00', '2025-03-03 19:31:00', 1, NULL),
(96, 13, 3, '2025-03-03 20:00:00', '2025-03-03 21:45:00', 1, NULL),
(97, 20, 3, '2025-03-03 22:00:00', '2025-03-03 23:49:00', 1, NULL),
(98, 1, 1, '2025-03-04 10:00:00', '2025-03-04 11:50:00', 1, NULL),
(99, 2, 2, '2025-03-04 10:00:00', '2025-03-04 11:59:00', 1, NULL),
(100, 7, 2, '2025-03-04 13:00:00', '2025-03-04 14:55:00', 1, NULL),
(101, 15, 2, '2025-03-04 16:20:00', '2025-03-04 18:28:00', 1, NULL),
(102, 15, 2, '2025-03-04 19:00:00', '2025-03-04 21:08:00', 1, NULL),
(103, 15, 2, '2025-03-04 21:30:00', '2025-03-04 23:38:00', 1, NULL),
(104, 21, 1, '2025-03-04 13:00:00', '2025-03-04 14:41:00', 1, NULL),
(105, 21, 1, '2025-03-04 15:00:00', '2025-03-04 16:41:00', 1, NULL),
(106, 22, 1, '2025-03-04 17:00:00', '2025-03-04 18:39:00', 1, NULL),
(107, 22, 1, '2025-03-04 19:00:00', '2025-03-04 20:39:00', 1, NULL),
(108, 22, 1, '2025-03-04 21:00:00', '2025-03-04 22:39:00', 1, NULL),
(109, 3, 1, '2025-03-04 23:00:00', '2025-03-05 00:41:00', 1, NULL),
(110, 8, 3, '2025-03-04 10:00:00', '2025-03-04 12:08:00', 1, NULL),
(111, 18, 3, '2025-03-04 13:00:00', '2025-03-04 15:09:00', 1, NULL),
(112, 23, 3, '2025-03-04 15:30:00', '2025-03-04 17:09:00', 1, NULL),
(113, 17, 3, '2025-03-04 17:30:00', '2025-03-04 19:31:00', 1, NULL),
(114, 13, 3, '2025-03-04 20:00:00', '2025-03-04 21:45:00', 1, NULL),
(115, 20, 3, '2025-03-04 22:00:00', '2025-03-04 23:49:00', 1, NULL),
(116, 18, 4, '2025-02-26 14:00:00', '2025-02-26 16:09:00', 2, NULL),
(117, 2, 5, '2025-02-26 20:00:00', '2025-02-26 21:59:00', 2, NULL),
(118, 21, 4, '2025-02-26 20:00:00', '2025-02-26 21:41:00', 2, NULL),
(119, 22, 6, '2025-02-26 20:00:00', '2025-02-26 21:39:00', 2, NULL),
(120, 15, 5, '2025-02-26 22:30:00', '2025-02-27 00:38:00', 2, NULL),
(121, 23, 4, '2025-02-26 22:30:00', '2025-02-27 00:09:00', 2, NULL),
(122, 18, 6, '2025-02-26 22:30:00', '2025-02-27 00:39:00', 2, NULL),
(123, 1, 4, '2025-02-27 10:00:00', '2025-02-27 11:50:00', 2, NULL),
(124, 2, 5, '2025-02-27 10:00:00', '2025-02-27 11:59:00', 2, NULL),
(125, 7, 5, '2025-02-27 13:00:00', '2025-02-27 14:55:00', 2, NULL),
(126, 15, 5, '2025-02-27 16:20:00', '2025-02-27 18:28:00', 2, NULL),
(127, 15, 5, '2025-02-27 19:00:00', '2025-02-27 21:08:00', 2, NULL),
(128, 15, 5, '2025-02-27 21:30:00', '2025-02-27 23:38:00', 2, NULL),
(129, 21, 4, '2025-02-27 13:00:00', '2025-02-27 14:41:00', 2, NULL),
(130, 21, 4, '2025-02-27 15:00:00', '2025-02-27 16:41:00', 2, NULL),
(131, 22, 4, '2025-02-27 17:00:00', '2025-02-27 18:39:00', 2, NULL),
(132, 22, 4, '2025-02-27 19:00:00', '2025-02-27 20:39:00', 2, NULL),
(133, 22, 4, '2025-02-27 21:00:00', '2025-02-27 22:39:00', 2, NULL),
(134, 3, 4, '2025-02-27 23:00:00', '2025-02-28 00:41:00', 2, NULL),
(135, 8, 6, '2025-02-27 10:00:00', '2025-02-27 12:08:00', 2, NULL),
(136, 18, 6, '2025-02-27 13:00:00', '2025-02-27 15:09:00', 2, NULL),
(137, 23, 6, '2025-02-27 15:30:00', '2025-02-27 17:09:00', 2, NULL),
(138, 17, 6, '2025-02-27 17:30:00', '2025-02-27 19:31:00', 2, NULL),
(139, 13, 6, '2025-02-27 20:00:00', '2025-02-27 21:45:00', 2, NULL),
(140, 20, 6, '2025-02-27 22:00:00', '2025-02-27 23:49:00', 2, NULL),
(141, 1, 4, '2025-02-28 10:00:00', '2025-02-28 11:50:00', 2, NULL),
(142, 2, 5, '2025-02-28 10:00:00', '2025-02-28 11:59:00', 2, NULL),
(143, 7, 5, '2025-02-28 13:00:00', '2025-02-28 14:55:00', 2, NULL),
(144, 15, 5, '2025-02-28 16:20:00', '2025-02-28 18:28:00', 2, NULL),
(145, 15, 5, '2025-02-28 19:00:00', '2025-02-28 21:08:00', 2, NULL),
(146, 15, 5, '2025-02-28 21:30:00', '2025-02-28 23:38:00', 2, NULL),
(147, 21, 4, '2025-02-28 13:00:00', '2025-02-28 14:41:00', 2, NULL),
(148, 21, 4, '2025-02-28 15:00:00', '2025-02-28 16:41:00', 2, NULL),
(149, 22, 4, '2025-02-28 17:00:00', '2025-02-28 18:39:00', 2, NULL),
(150, 22, 4, '2025-02-28 19:00:00', '2025-02-28 20:39:00', 2, NULL),
(151, 22, 4, '2025-02-28 21:00:00', '2025-02-28 22:39:00', 2, NULL),
(152, 3, 4, '2025-02-28 23:00:00', '2025-03-01 00:41:00', 2, NULL),
(153, 8, 6, '2025-02-28 10:00:00', '2025-02-28 12:08:00', 2, NULL),
(154, 18, 6, '2025-02-28 13:00:00', '2025-02-28 15:09:00', 2, NULL),
(155, 23, 6, '2025-02-28 15:30:00', '2025-02-28 17:09:00', 2, NULL),
(156, 17, 6, '2025-02-28 17:30:00', '2025-02-28 19:31:00', 2, NULL),
(157, 13, 6, '2025-02-28 20:00:00', '2025-02-28 21:45:00', 2, NULL),
(158, 20, 6, '2025-02-28 22:00:00', '2025-02-28 23:49:00', 2, NULL),
(159, 1, 4, '2025-03-01 10:00:00', '2025-03-01 11:50:00', 2, NULL),
(160, 2, 5, '2025-03-01 10:00:00', '2025-03-01 11:59:00', 2, NULL),
(161, 7, 5, '2025-03-01 13:00:00', '2025-03-01 14:55:00', 2, NULL),
(162, 15, 5, '2025-03-01 16:20:00', '2025-03-01 18:28:00', 2, NULL),
(163, 15, 5, '2025-03-01 19:00:00', '2025-03-01 21:08:00', 2, NULL),
(164, 15, 5, '2025-03-01 21:30:00', '2025-03-01 23:38:00', 2, NULL),
(165, 21, 4, '2025-03-01 13:00:00', '2025-03-01 14:41:00', 2, NULL),
(166, 21, 4, '2025-03-01 15:00:00', '2025-03-01 16:41:00', 2, NULL),
(167, 22, 4, '2025-03-01 17:00:00', '2025-03-01 18:39:00', 2, NULL),
(168, 22, 4, '2025-03-01 19:00:00', '2025-03-01 20:39:00', 2, NULL),
(169, 22, 4, '2025-03-01 21:00:00', '2025-03-01 22:39:00', 2, NULL),
(170, 3, 4, '2025-03-01 23:00:00', '2025-03-02 00:41:00', 2, NULL),
(171, 8, 6, '2025-03-01 10:00:00', '2025-03-01 12:08:00', 2, NULL),
(172, 18, 6, '2025-03-01 13:00:00', '2025-03-01 15:09:00', 2, NULL),
(173, 23, 6, '2025-03-01 15:30:00', '2025-03-01 17:09:00', 2, NULL),
(174, 17, 6, '2025-03-01 17:30:00', '2025-03-01 19:31:00', 2, NULL),
(175, 13, 6, '2025-03-01 20:00:00', '2025-03-01 21:45:00', 2, NULL),
(176, 20, 6, '2025-03-01 22:00:00', '2025-03-01 23:49:00', 2, NULL),
(177, 1, 4, '2025-03-02 10:00:00', '2025-03-02 11:50:00', 2, NULL),
(178, 2, 5, '2025-03-02 10:00:00', '2025-03-02 11:59:00', 2, NULL),
(179, 7, 5, '2025-03-02 13:00:00', '2025-03-02 14:55:00', 2, NULL),
(180, 15, 5, '2025-03-02 16:20:00', '2025-03-02 18:28:00', 2, NULL),
(181, 15, 5, '2025-03-02 19:00:00', '2025-03-02 21:08:00', 2, NULL),
(182, 15, 5, '2025-03-02 21:30:00', '2025-03-02 23:38:00', 2, NULL),
(183, 21, 4, '2025-03-02 13:00:00', '2025-03-02 14:41:00', 2, NULL),
(184, 21, 4, '2025-03-02 15:00:00', '2025-03-02 16:41:00', 2, NULL),
(185, 22, 4, '2025-03-02 17:00:00', '2025-03-02 18:39:00', 2, NULL),
(186, 22, 4, '2025-03-02 19:00:00', '2025-03-02 20:39:00', 2, NULL),
(187, 22, 4, '2025-03-02 21:00:00', '2025-03-02 22:39:00', 2, NULL),
(188, 3, 4, '2025-03-02 23:00:00', '2025-03-03 00:41:00', 2, NULL),
(189, 8, 6, '2025-03-02 10:00:00', '2025-03-02 12:08:00', 2, NULL),
(190, 18, 6, '2025-03-02 13:00:00', '2025-03-02 15:09:00', 2, NULL),
(191, 23, 6, '2025-03-02 15:30:00', '2025-03-02 17:09:00', 2, NULL),
(192, 17, 6, '2025-03-02 17:30:00', '2025-03-02 19:31:00', 2, NULL),
(193, 13, 6, '2025-03-02 20:00:00', '2025-03-02 21:45:00', 2, NULL),
(194, 20, 6, '2025-03-02 22:00:00', '2025-03-02 23:49:00', 2, NULL),
(195, 1, 4, '2025-03-03 10:00:00', '2025-03-03 11:50:00', 2, NULL),
(196, 2, 5, '2025-03-03 10:00:00', '2025-03-03 11:59:00', 2, NULL),
(197, 7, 5, '2025-03-03 13:00:00', '2025-03-03 14:55:00', 2, NULL),
(198, 15, 5, '2025-03-03 16:20:00', '2025-03-03 18:28:00', 2, NULL),
(199, 15, 5, '2025-03-03 19:00:00', '2025-03-03 21:08:00', 2, NULL),
(200, 15, 5, '2025-03-03 21:30:00', '2025-03-03 23:38:00', 2, NULL),
(201, 21, 4, '2025-03-03 13:00:00', '2025-03-03 14:41:00', 2, NULL),
(202, 21, 4, '2025-03-03 15:00:00', '2025-03-03 16:41:00', 2, NULL),
(203, 22, 4, '2025-03-03 17:00:00', '2025-03-03 18:39:00', 2, NULL),
(204, 22, 4, '2025-03-03 19:00:00', '2025-03-03 20:39:00', 2, NULL),
(205, 22, 4, '2025-03-03 21:00:00', '2025-03-03 22:39:00', 2, NULL),
(206, 3, 4, '2025-03-03 23:00:00', '2025-03-04 00:41:00', 2, NULL),
(207, 8, 6, '2025-03-03 10:00:00', '2025-03-03 12:08:00', 2, NULL),
(208, 18, 6, '2025-03-03 13:00:00', '2025-03-03 15:09:00', 2, NULL),
(209, 23, 6, '2025-03-03 15:30:00', '2025-03-03 17:09:00', 2, NULL),
(210, 17, 6, '2025-03-03 17:30:00', '2025-03-03 19:31:00', 2, NULL),
(211, 13, 6, '2025-03-03 20:00:00', '2025-03-03 21:45:00', 2, NULL),
(212, 20, 6, '2025-03-03 22:00:00', '2025-03-03 23:49:00', 2, NULL),
(213, 1, 4, '2025-03-04 10:00:00', '2025-03-04 11:50:00', 2, NULL),
(214, 2, 5, '2025-03-04 10:00:00', '2025-03-04 11:59:00', 2, NULL),
(215, 7, 5, '2025-03-04 13:00:00', '2025-03-04 14:55:00', 2, NULL),
(216, 15, 5, '2025-03-04 16:20:00', '2025-03-04 18:28:00', 2, NULL),
(217, 15, 5, '2025-03-04 19:00:00', '2025-03-04 21:08:00', 2, NULL),
(218, 15, 5, '2025-03-04 21:30:00', '2025-03-04 23:38:00', 2, NULL),
(219, 21, 4, '2025-03-04 13:00:00', '2025-03-04 14:41:00', 2, NULL),
(220, 21, 4, '2025-03-04 15:00:00', '2025-03-04 16:41:00', 2, NULL),
(221, 22, 4, '2025-03-04 17:00:00', '2025-03-04 18:39:00', 2, NULL),
(222, 22, 4, '2025-03-04 19:00:00', '2025-03-04 20:39:00', 2, NULL),
(223, 22, 4, '2025-03-04 21:00:00', '2025-03-04 22:39:00', 2, NULL),
(224, 3, 4, '2025-03-04 23:00:00', '2025-03-05 00:41:00', 2, NULL),
(225, 8, 6, '2025-03-04 10:00:00', '2025-03-04 12:08:00', 2, NULL),
(226, 18, 6, '2025-03-04 13:00:00', '2025-03-04 15:09:00', 2, NULL),
(227, 23, 6, '2025-03-04 15:30:00', '2025-03-04 17:09:00', 2, NULL),
(228, 17, 6, '2025-03-04 17:30:00', '2025-03-04 19:31:00', 2, NULL),
(229, 13, 6, '2025-03-04 20:00:00', '2025-03-04 21:45:00', 2, NULL),
(230, 20, 6, '2025-03-04 22:00:00', '2025-03-04 23:49:00', 2, NULL),
(231, 18, 7, '2025-02-26 14:00:00', '2025-02-26 16:09:00', 3, NULL),
(232, 2, 8, '2025-02-26 20:00:00', '2025-02-26 21:59:00', 3, NULL),
(233, 21, 7, '2025-02-26 20:00:00', '2025-02-26 21:41:00', 3, NULL),
(234, 22, 9, '2025-02-26 20:00:00', '2025-02-26 21:39:00', 3, NULL),
(235, 15, 8, '2025-02-26 22:30:00', '2025-02-27 00:38:00', 3, NULL),
(236, 23, 7, '2025-02-26 22:30:00', '2025-02-27 00:09:00', 3, NULL),
(237, 18, 9, '2025-02-26 22:30:00', '2025-02-27 00:39:00', 3, NULL),
(238, 1, 7, '2025-02-27 10:00:00', '2025-02-27 11:50:00', 3, NULL),
(239, 2, 8, '2025-02-27 10:00:00', '2025-02-27 11:59:00', 3, NULL),
(240, 7, 8, '2025-02-27 13:00:00', '2025-02-27 14:55:00', 3, NULL),
(241, 15, 8, '2025-02-27 16:20:00', '2025-02-27 18:28:00', 3, NULL),
(242, 15, 8, '2025-02-27 19:00:00', '2025-02-27 21:08:00', 3, NULL),
(243, 15, 8, '2025-02-27 21:30:00', '2025-02-27 23:38:00', 3, NULL),
(244, 21, 7, '2025-02-27 13:00:00', '2025-02-27 14:41:00', 3, NULL),
(245, 21, 7, '2025-02-27 15:00:00', '2025-02-27 16:41:00', 3, NULL),
(246, 22, 7, '2025-02-27 17:00:00', '2025-02-27 18:39:00', 3, NULL),
(247, 22, 7, '2025-02-27 19:00:00', '2025-02-27 20:39:00', 3, NULL),
(248, 22, 7, '2025-02-27 21:00:00', '2025-02-27 22:39:00', 3, NULL),
(249, 3, 7, '2025-02-27 23:00:00', '2025-02-28 00:41:00', 3, NULL),
(250, 8, 9, '2025-02-27 10:00:00', '2025-02-27 12:08:00', 3, NULL),
(251, 18, 9, '2025-02-27 13:00:00', '2025-02-27 15:09:00', 3, NULL),
(252, 23, 9, '2025-02-27 15:30:00', '2025-02-27 17:09:00', 3, NULL),
(253, 17, 9, '2025-02-27 17:30:00', '2025-02-27 19:31:00', 3, NULL),
(254, 13, 9, '2025-02-27 20:00:00', '2025-02-27 21:45:00', 3, NULL),
(255, 20, 9, '2025-02-27 22:00:00', '2025-02-27 23:49:00', 3, NULL),
(256, 1, 7, '2025-02-28 10:00:00', '2025-02-28 11:50:00', 3, NULL),
(257, 2, 8, '2025-02-28 10:00:00', '2025-02-28 11:59:00', 3, NULL),
(258, 7, 8, '2025-02-28 13:00:00', '2025-02-28 14:55:00', 3, NULL),
(259, 15, 8, '2025-02-28 16:20:00', '2025-02-28 18:28:00', 3, NULL),
(260, 15, 8, '2025-02-28 19:00:00', '2025-02-28 21:08:00', 3, NULL),
(261, 15, 8, '2025-02-28 21:30:00', '2025-02-28 23:38:00', 3, NULL),
(262, 21, 7, '2025-02-28 13:00:00', '2025-02-28 14:41:00', 3, NULL),
(263, 21, 7, '2025-02-28 15:00:00', '2025-02-28 16:41:00', 3, NULL),
(264, 22, 7, '2025-02-28 17:00:00', '2025-02-28 18:39:00', 3, NULL),
(265, 22, 7, '2025-02-28 19:00:00', '2025-02-28 20:39:00', 3, NULL),
(266, 22, 7, '2025-02-28 21:00:00', '2025-02-28 22:39:00', 3, NULL),
(267, 3, 7, '2025-02-28 23:00:00', '2025-03-01 00:41:00', 3, NULL),
(268, 8, 9, '2025-02-28 10:00:00', '2025-02-28 12:08:00', 3, NULL),
(269, 18, 9, '2025-02-28 13:00:00', '2025-02-28 15:09:00', 3, NULL),
(270, 23, 9, '2025-02-28 15:30:00', '2025-02-28 17:09:00', 3, NULL),
(271, 17, 9, '2025-02-28 17:30:00', '2025-02-28 19:31:00', 3, NULL),
(272, 13, 9, '2025-02-28 20:00:00', '2025-02-28 21:45:00', 3, NULL),
(273, 20, 9, '2025-02-28 22:00:00', '2025-02-28 23:49:00', 3, NULL),
(274, 1, 7, '2025-03-01 10:00:00', '2025-03-01 11:50:00', 3, NULL),
(275, 2, 8, '2025-03-01 10:00:00', '2025-03-01 11:59:00', 3, NULL),
(276, 7, 8, '2025-03-01 13:00:00', '2025-03-01 14:55:00', 3, NULL),
(277, 15, 8, '2025-03-01 16:20:00', '2025-03-01 18:28:00', 3, NULL),
(278, 15, 8, '2025-03-01 19:00:00', '2025-03-01 21:08:00', 3, NULL),
(279, 15, 8, '2025-03-01 21:30:00', '2025-03-01 23:38:00', 3, NULL),
(280, 21, 7, '2025-03-01 13:00:00', '2025-03-01 14:41:00', 3, NULL),
(281, 21, 7, '2025-03-01 15:00:00', '2025-03-01 16:41:00', 3, NULL),
(282, 22, 7, '2025-03-01 17:00:00', '2025-03-01 18:39:00', 3, NULL),
(283, 22, 7, '2025-03-01 19:00:00', '2025-03-01 20:39:00', 3, NULL),
(284, 22, 7, '2025-03-01 21:00:00', '2025-03-01 22:39:00', 3, NULL),
(285, 3, 7, '2025-03-01 23:00:00', '2025-03-02 00:41:00', 3, NULL),
(286, 8, 9, '2025-03-01 10:00:00', '2025-03-01 12:08:00', 3, NULL),
(287, 18, 9, '2025-03-01 13:00:00', '2025-03-01 15:09:00', 3, NULL),
(288, 23, 9, '2025-03-01 15:30:00', '2025-03-01 17:09:00', 3, NULL),
(289, 17, 9, '2025-03-01 17:30:00', '2025-03-01 19:31:00', 3, NULL),
(290, 13, 9, '2025-03-01 20:00:00', '2025-03-01 21:45:00', 3, NULL),
(291, 20, 9, '2025-03-01 22:00:00', '2025-03-01 23:49:00', 3, NULL),
(292, 1, 7, '2025-03-02 10:00:00', '2025-03-02 11:50:00', 3, NULL),
(293, 2, 8, '2025-03-02 10:00:00', '2025-03-02 11:59:00', 3, NULL),
(294, 7, 8, '2025-03-02 13:00:00', '2025-03-02 14:55:00', 3, NULL),
(295, 15, 8, '2025-03-02 16:20:00', '2025-03-02 18:28:00', 3, NULL),
(296, 15, 8, '2025-03-02 19:00:00', '2025-03-02 21:08:00', 3, NULL),
(297, 15, 8, '2025-03-02 21:30:00', '2025-03-02 23:38:00', 3, NULL),
(298, 21, 7, '2025-03-02 13:00:00', '2025-03-02 14:41:00', 3, NULL),
(299, 21, 7, '2025-03-02 15:00:00', '2025-03-02 16:41:00', 3, NULL),
(300, 22, 7, '2025-03-02 17:00:00', '2025-03-02 18:39:00', 3, NULL),
(301, 22, 7, '2025-03-02 19:00:00', '2025-03-02 20:39:00', 3, NULL),
(302, 22, 7, '2025-03-02 21:00:00', '2025-03-02 22:39:00', 3, NULL),
(303, 3, 7, '2025-03-02 23:00:00', '2025-03-03 00:41:00', 3, NULL),
(304, 8, 9, '2025-03-02 10:00:00', '2025-03-02 12:08:00', 3, NULL),
(305, 18, 9, '2025-03-02 13:00:00', '2025-03-02 15:09:00', 3, NULL),
(306, 23, 9, '2025-03-02 15:30:00', '2025-03-02 17:09:00', 3, NULL),
(307, 17, 9, '2025-03-02 17:30:00', '2025-03-02 19:31:00', 3, NULL),
(308, 13, 9, '2025-03-02 20:00:00', '2025-03-02 21:45:00', 3, NULL),
(309, 20, 9, '2025-03-02 22:00:00', '2025-03-02 23:49:00', 3, NULL),
(310, 1, 7, '2025-03-03 10:00:00', '2025-03-03 11:50:00', 3, NULL),
(311, 2, 8, '2025-03-03 10:00:00', '2025-03-03 11:59:00', 3, NULL),
(312, 7, 8, '2025-03-03 13:00:00', '2025-03-03 14:55:00', 3, NULL),
(313, 15, 8, '2025-03-03 16:20:00', '2025-03-03 18:28:00', 3, NULL),
(314, 15, 8, '2025-03-03 19:00:00', '2025-03-03 21:08:00', 3, NULL),
(315, 15, 8, '2025-03-03 21:30:00', '2025-03-03 23:38:00', 3, NULL),
(316, 21, 7, '2025-03-03 13:00:00', '2025-03-03 14:41:00', 3, NULL),
(317, 21, 7, '2025-03-03 15:00:00', '2025-03-03 16:41:00', 3, NULL),
(318, 22, 7, '2025-03-03 17:00:00', '2025-03-03 18:39:00', 3, NULL),
(319, 22, 7, '2025-03-03 19:00:00', '2025-03-03 20:39:00', 3, NULL),
(320, 22, 7, '2025-03-03 21:00:00', '2025-03-03 22:39:00', 3, NULL),
(321, 3, 7, '2025-03-03 23:00:00', '2025-03-04 00:41:00', 3, NULL),
(322, 8, 9, '2025-03-03 10:00:00', '2025-03-03 12:08:00', 3, NULL),
(323, 18, 9, '2025-03-03 13:00:00', '2025-03-03 15:09:00', 3, NULL),
(324, 23, 9, '2025-03-03 15:30:00', '2025-03-03 17:09:00', 3, NULL),
(325, 17, 9, '2025-03-03 17:30:00', '2025-03-03 19:31:00', 3, NULL),
(326, 13, 9, '2025-03-03 20:00:00', '2025-03-03 21:45:00', 3, NULL),
(327, 20, 9, '2025-03-03 22:00:00', '2025-03-03 23:49:00', 3, NULL),
(328, 1, 7, '2025-03-04 10:00:00', '2025-03-04 11:50:00', 3, NULL),
(329, 2, 8, '2025-03-04 10:00:00', '2025-03-04 11:59:00', 3, NULL),
(330, 7, 8, '2025-03-04 13:00:00', '2025-03-04 14:55:00', 3, NULL),
(331, 15, 8, '2025-03-04 16:20:00', '2025-03-04 18:28:00', 3, NULL),
(332, 15, 8, '2025-03-04 19:00:00', '2025-03-04 21:08:00', 3, NULL),
(333, 15, 8, '2025-03-04 21:30:00', '2025-03-04 23:38:00', 3, NULL),
(334, 21, 7, '2025-03-04 13:00:00', '2025-03-04 14:41:00', 3, NULL),
(335, 21, 7, '2025-03-04 15:00:00', '2025-03-04 16:41:00', 3, NULL),
(336, 22, 7, '2025-03-04 17:00:00', '2025-03-04 18:39:00', 3, NULL),
(337, 22, 7, '2025-03-04 19:00:00', '2025-03-04 20:39:00', 3, NULL),
(338, 22, 7, '2025-03-04 21:00:00', '2025-03-04 22:39:00', 3, NULL),
(339, 3, 7, '2025-03-04 23:00:00', '2025-03-05 00:41:00', 3, NULL),
(340, 8, 9, '2025-03-04 10:00:00', '2025-03-04 12:08:00', 3, NULL),
(341, 18, 9, '2025-03-04 13:00:00', '2025-03-04 15:09:00', 3, NULL),
(342, 23, 9, '2025-03-04 15:30:00', '2025-03-04 17:09:00', 3, NULL),
(343, 17, 9, '2025-03-04 17:30:00', '2025-03-04 19:31:00', 3, NULL),
(344, 13, 9, '2025-03-04 20:00:00', '2025-03-04 21:45:00', 3, NULL),
(345, 20, 9, '2025-03-04 22:00:00', '2025-03-04 23:49:00', 1, NULL),
(346, 18, 4, '2025-02-26 14:00:00', '2025-02-26 16:09:00', 2, NULL),
(347, 2, 5, '2025-02-26 20:00:00', '2025-02-26 21:59:00', 2, NULL),
(348, 21, 4, '2025-02-26 20:00:00', '2025-02-26 21:41:00', 2, NULL),
(349, 22, 6, '2025-02-26 20:00:00', '2025-02-26 21:39:00', 2, NULL),
(350, 15, 5, '2025-02-26 22:30:00', '2025-02-27 00:38:00', 2, NULL),
(351, 23, 4, '2025-02-26 22:30:00', '2025-02-27 00:09:00', 2, NULL),
(352, 18, 6, '2025-02-26 22:30:00', '2025-02-27 00:39:00', 2, NULL),
(353, 1, 4, '2025-02-27 10:00:00', '2025-02-27 11:50:00', 2, NULL),
(354, 2, 5, '2025-02-27 10:00:00', '2025-02-27 11:59:00', 2, NULL),
(355, 7, 5, '2025-02-27 13:00:00', '2025-02-27 14:55:00', 2, NULL),
(356, 15, 5, '2025-02-27 16:20:00', '2025-02-27 18:28:00', 2, NULL),
(357, 15, 5, '2025-02-27 19:00:00', '2025-02-27 21:08:00', 2, NULL),
(358, 15, 5, '2025-02-27 21:30:00', '2025-02-27 23:38:00', 2, NULL),
(359, 21, 4, '2025-02-27 13:00:00', '2025-02-27 14:41:00', 2, NULL),
(360, 21, 4, '2025-02-27 15:00:00', '2025-02-27 16:41:00', 2, NULL),
(361, 22, 4, '2025-02-27 17:00:00', '2025-02-27 18:39:00', 2, NULL),
(362, 22, 4, '2025-02-27 19:00:00', '2025-02-27 20:39:00', 2, NULL),
(363, 22, 4, '2025-02-27 21:00:00', '2025-02-27 22:39:00', 2, NULL),
(364, 3, 4, '2025-02-27 23:00:00', '2025-02-28 00:41:00', 2, NULL),
(365, 8, 6, '2025-02-27 10:00:00', '2025-02-27 12:08:00', 2, NULL),
(366, 18, 6, '2025-02-27 13:00:00', '2025-02-27 15:09:00', 2, NULL),
(367, 23, 6, '2025-02-27 15:30:00', '2025-02-27 17:09:00', 2, NULL),
(368, 17, 6, '2025-02-27 17:30:00', '2025-02-27 19:31:00', 2, NULL),
(369, 13, 6, '2025-02-27 20:00:00', '2025-02-27 21:45:00', 2, NULL),
(370, 20, 6, '2025-02-27 22:00:00', '2025-02-27 23:49:00', 2, NULL),
(371, 1, 4, '2025-02-28 10:00:00', '2025-02-28 11:50:00', 2, NULL),
(372, 2, 5, '2025-02-28 10:00:00', '2025-02-28 11:59:00', 2, NULL),
(373, 7, 5, '2025-02-28 13:00:00', '2025-02-28 14:55:00', 2, NULL),
(374, 15, 5, '2025-02-28 16:20:00', '2025-02-28 18:28:00', 2, NULL),
(375, 15, 5, '2025-02-28 19:00:00', '2025-02-28 21:08:00', 2, NULL),
(376, 15, 5, '2025-02-28 21:30:00', '2025-02-28 23:38:00', 2, NULL),
(377, 21, 4, '2025-02-28 13:00:00', '2025-02-28 14:41:00', 2, NULL),
(378, 21, 4, '2025-02-28 15:00:00', '2025-02-28 16:41:00', 2, NULL),
(379, 22, 4, '2025-02-28 17:00:00', '2025-02-28 18:39:00', 2, NULL),
(380, 22, 4, '2025-02-28 19:00:00', '2025-02-28 20:39:00', 2, NULL),
(381, 22, 4, '2025-02-28 21:00:00', '2025-02-28 22:39:00', 2, NULL),
(382, 3, 4, '2025-02-28 23:00:00', '2025-03-01 00:41:00', 2, NULL),
(383, 8, 6, '2025-02-28 10:00:00', '2025-02-28 12:08:00', 2, NULL),
(384, 18, 6, '2025-02-28 13:00:00', '2025-02-28 15:09:00', 2, NULL),
(385, 23, 6, '2025-02-28 15:30:00', '2025-02-28 17:09:00', 2, NULL),
(386, 17, 6, '2025-02-28 17:30:00', '2025-02-28 19:31:00', 2, NULL),
(387, 13, 6, '2025-02-28 20:00:00', '2025-02-28 21:45:00', 2, NULL),
(388, 20, 6, '2025-02-28 22:00:00', '2025-02-28 23:49:00', 2, NULL),
(389, 1, 4, '2025-03-01 10:00:00', '2025-03-01 11:50:00', 2, NULL),
(390, 2, 5, '2025-03-01 10:00:00', '2025-03-01 11:59:00', 2, NULL),
(391, 7, 5, '2025-03-01 13:00:00', '2025-03-01 14:55:00', 2, NULL),
(392, 15, 5, '2025-03-01 16:20:00', '2025-03-01 18:28:00', 2, NULL),
(393, 15, 5, '2025-03-01 19:00:00', '2025-03-01 21:08:00', 2, NULL),
(394, 15, 5, '2025-03-01 21:30:00', '2025-03-01 23:38:00', 2, NULL),
(395, 21, 4, '2025-03-01 13:00:00', '2025-03-01 14:41:00', 2, NULL),
(396, 21, 4, '2025-03-01 15:00:00', '2025-03-01 16:41:00', 2, NULL),
(397, 22, 4, '2025-03-01 17:00:00', '2025-03-01 18:39:00', 2, NULL),
(398, 22, 4, '2025-03-01 19:00:00', '2025-03-01 20:39:00', 2, NULL),
(399, 22, 4, '2025-03-01 21:00:00', '2025-03-01 22:39:00', 2, NULL),
(400, 3, 4, '2025-03-01 23:00:00', '2025-03-02 00:41:00', 2, NULL),
(401, 8, 6, '2025-03-01 10:00:00', '2025-03-01 12:08:00', 2, NULL),
(402, 18, 6, '2025-03-01 13:00:00', '2025-03-01 15:09:00', 2, NULL),
(403, 23, 6, '2025-03-01 15:30:00', '2025-03-01 17:09:00', 2, NULL),
(404, 17, 6, '2025-03-01 17:30:00', '2025-03-01 19:31:00', 2, NULL),
(405, 13, 6, '2025-03-01 20:00:00', '2025-03-01 21:45:00', 2, NULL),
(406, 20, 6, '2025-03-01 22:00:00', '2025-03-01 23:49:00', 2, NULL),
(407, 1, 4, '2025-03-02 10:00:00', '2025-03-02 11:50:00', 2, NULL),
(408, 2, 5, '2025-03-02 10:00:00', '2025-03-02 11:59:00', 2, NULL),
(409, 7, 5, '2025-03-02 13:00:00', '2025-03-02 14:55:00', 2, NULL),
(410, 15, 5, '2025-03-02 16:20:00', '2025-03-02 18:28:00', 2, NULL),
(411, 15, 5, '2025-03-02 19:00:00', '2025-03-02 21:08:00', 2, NULL),
(412, 15, 5, '2025-03-02 21:30:00', '2025-03-02 23:38:00', 2, NULL),
(413, 21, 4, '2025-03-02 13:00:00', '2025-03-02 14:41:00', 2, NULL),
(414, 21, 4, '2025-03-02 15:00:00', '2025-03-02 16:41:00', 2, NULL),
(415, 22, 4, '2025-03-02 17:00:00', '2025-03-02 18:39:00', 2, NULL),
(416, 22, 4, '2025-03-02 19:00:00', '2025-03-02 20:39:00', 2, NULL),
(417, 22, 4, '2025-03-02 21:00:00', '2025-03-02 22:39:00', 2, NULL),
(418, 3, 4, '2025-03-02 23:00:00', '2025-03-03 00:41:00', 2, NULL),
(419, 8, 6, '2025-03-02 10:00:00', '2025-03-02 12:08:00', 2, NULL),
(420, 18, 6, '2025-03-02 13:00:00', '2025-03-02 15:09:00', 2, NULL),
(421, 23, 6, '2025-03-02 15:30:00', '2025-03-02 17:09:00', 2, NULL),
(422, 17, 6, '2025-03-02 17:30:00', '2025-03-02 19:31:00', 2, NULL),
(423, 13, 6, '2025-03-02 20:00:00', '2025-03-02 21:45:00', 2, NULL),
(424, 20, 6, '2025-03-02 22:00:00', '2025-03-02 23:49:00', 2, NULL),
(425, 1, 4, '2025-03-03 10:00:00', '2025-03-03 11:50:00', 2, NULL),
(426, 2, 5, '2025-03-03 10:00:00', '2025-03-03 11:59:00', 2, NULL),
(427, 7, 5, '2025-03-03 13:00:00', '2025-03-03 14:55:00', 2, NULL),
(428, 15, 5, '2025-03-03 16:20:00', '2025-03-03 18:28:00', 2, NULL),
(429, 15, 5, '2025-03-03 19:00:00', '2025-03-03 21:08:00', 2, NULL),
(430, 15, 5, '2025-03-03 21:30:00', '2025-03-03 23:38:00', 2, NULL),
(431, 21, 4, '2025-03-03 13:00:00', '2025-03-03 14:41:00', 2, NULL),
(432, 21, 4, '2025-03-03 15:00:00', '2025-03-03 16:41:00', 2, NULL),
(433, 22, 4, '2025-03-03 17:00:00', '2025-03-03 18:39:00', 2, NULL),
(434, 22, 4, '2025-03-03 19:00:00', '2025-03-03 20:39:00', 2, NULL),
(435, 22, 4, '2025-03-03 21:00:00', '2025-03-03 22:39:00', 2, NULL),
(436, 3, 4, '2025-03-03 23:00:00', '2025-03-04 00:41:00', 2, NULL),
(437, 8, 6, '2025-03-03 10:00:00', '2025-03-03 12:08:00', 2, NULL),
(438, 18, 6, '2025-03-03 13:00:00', '2025-03-03 15:09:00', 2, NULL),
(439, 23, 6, '2025-03-03 15:30:00', '2025-03-03 17:09:00', 2, NULL),
(440, 17, 6, '2025-03-03 17:30:00', '2025-03-03 19:31:00', 2, NULL),
(441, 13, 6, '2025-03-03 20:00:00', '2025-03-03 21:45:00', 2, NULL),
(442, 20, 6, '2025-03-03 22:00:00', '2025-03-03 23:49:00', 2, NULL),
(443, 1, 4, '2025-03-04 10:00:00', '2025-03-04 11:50:00', 2, NULL),
(444, 2, 5, '2025-03-04 10:00:00', '2025-03-04 11:59:00', 2, NULL),
(445, 7, 5, '2025-03-04 13:00:00', '2025-03-04 14:55:00', 2, NULL),
(446, 15, 5, '2025-03-04 16:20:00', '2025-03-04 18:28:00', 2, NULL),
(447, 15, 5, '2025-03-04 19:00:00', '2025-03-04 21:08:00', 2, NULL),
(448, 15, 5, '2025-03-04 21:30:00', '2025-03-04 23:38:00', 2, NULL),
(449, 21, 4, '2025-03-04 13:00:00', '2025-03-04 14:41:00', 2, NULL),
(450, 21, 4, '2025-03-04 15:00:00', '2025-03-04 16:41:00', 2, NULL),
(451, 22, 4, '2025-03-04 17:00:00', '2025-03-04 18:39:00', 2, NULL),
(452, 22, 4, '2025-03-04 19:00:00', '2025-03-04 20:39:00', 2, NULL),
(453, 22, 4, '2025-03-04 21:00:00', '2025-03-04 22:39:00', 2, NULL),
(454, 3, 4, '2025-03-04 23:00:00', '2025-03-05 00:41:00', 2, NULL),
(455, 8, 6, '2025-03-04 10:00:00', '2025-03-04 12:08:00', 2, NULL),
(456, 18, 6, '2025-03-04 13:00:00', '2025-03-04 15:09:00', 2, NULL),
(457, 23, 6, '2025-03-04 15:30:00', '2025-03-04 17:09:00', 2, NULL),
(458, 17, 6, '2025-03-04 17:30:00', '2025-03-04 19:31:00', 2, NULL),
(459, 13, 6, '2025-03-04 20:00:00', '2025-03-04 21:45:00', 2, NULL),
(460, 20, 6, '2025-03-04 22:00:00', '2025-03-04 23:49:00', 2, NULL),
(461, 18, 7, '2025-02-26 14:00:00', '2025-02-26 16:09:00', 3, NULL),
(462, 2, 8, '2025-02-26 20:00:00', '2025-02-26 21:59:00', 3, NULL),
(463, 21, 7, '2025-02-26 20:00:00', '2025-02-26 21:41:00', 3, NULL),
(464, 22, 9, '2025-02-26 20:00:00', '2025-02-26 21:39:00', 3, NULL),
(465, 15, 8, '2025-02-26 22:30:00', '2025-02-27 00:38:00', 3, NULL),
(466, 23, 7, '2025-02-26 22:30:00', '2025-02-27 00:09:00', 3, NULL),
(467, 18, 9, '2025-02-26 22:30:00', '2025-02-27 00:39:00', 3, NULL),
(468, 1, 7, '2025-02-27 10:00:00', '2025-02-27 11:50:00', 3, NULL),
(469, 2, 8, '2025-02-27 10:00:00', '2025-02-27 11:59:00', 3, NULL),
(470, 7, 8, '2025-02-27 13:00:00', '2025-02-27 14:55:00', 3, NULL),
(471, 15, 8, '2025-02-27 16:20:00', '2025-02-27 18:28:00', 3, NULL),
(472, 15, 8, '2025-02-27 19:00:00', '2025-02-27 21:08:00', 3, NULL),
(473, 15, 8, '2025-02-27 21:30:00', '2025-02-27 23:38:00', 3, NULL),
(474, 21, 7, '2025-02-27 13:00:00', '2025-02-27 14:41:00', 3, NULL),
(475, 21, 7, '2025-02-27 15:00:00', '2025-02-27 16:41:00', 3, NULL),
(476, 22, 7, '2025-02-27 17:00:00', '2025-02-27 18:39:00', 3, NULL),
(477, 22, 7, '2025-02-27 19:00:00', '2025-02-27 20:39:00', 3, NULL),
(478, 22, 7, '2025-02-27 21:00:00', '2025-02-27 22:39:00', 3, NULL),
(479, 3, 7, '2025-02-27 23:00:00', '2025-02-28 00:41:00', 3, NULL),
(480, 8, 9, '2025-02-27 10:00:00', '2025-02-27 12:08:00', 3, NULL),
(481, 18, 9, '2025-02-27 13:00:00', '2025-02-27 15:09:00', 3, NULL),
(482, 23, 9, '2025-02-27 15:30:00', '2025-02-27 17:09:00', 3, NULL),
(483, 17, 9, '2025-02-27 17:30:00', '2025-02-27 19:31:00', 3, NULL),
(484, 13, 9, '2025-02-27 20:00:00', '2025-02-27 21:45:00', 3, NULL),
(485, 20, 9, '2025-02-27 22:00:00', '2025-02-27 23:49:00', 3, NULL),
(486, 1, 7, '2025-02-28 10:00:00', '2025-02-28 11:50:00', 3, NULL),
(487, 2, 8, '2025-02-28 10:00:00', '2025-02-28 11:59:00', 3, NULL),
(488, 7, 8, '2025-02-28 13:00:00', '2025-02-28 14:55:00', 3, NULL),
(489, 15, 8, '2025-02-28 16:20:00', '2025-02-28 18:28:00', 3, NULL),
(490, 15, 8, '2025-02-28 19:00:00', '2025-02-28 21:08:00', 3, NULL),
(491, 15, 8, '2025-02-28 21:30:00', '2025-02-28 23:38:00', 3, NULL),
(492, 21, 7, '2025-02-28 13:00:00', '2025-02-28 14:41:00', 3, NULL),
(493, 21, 7, '2025-02-28 15:00:00', '2025-02-28 16:41:00', 3, NULL),
(494, 22, 7, '2025-02-28 17:00:00', '2025-02-28 18:39:00', 3, NULL),
(495, 22, 7, '2025-02-28 19:00:00', '2025-02-28 20:39:00', 3, NULL),
(496, 22, 7, '2025-02-28 21:00:00', '2025-02-28 22:39:00', 3, NULL),
(497, 3, 7, '2025-02-28 23:00:00', '2025-03-01 00:41:00', 3, NULL),
(498, 8, 9, '2025-02-28 10:00:00', '2025-02-28 12:08:00', 3, NULL),
(499, 18, 9, '2025-02-28 13:00:00', '2025-02-28 15:09:00', 3, NULL),
(500, 23, 9, '2025-02-28 15:30:00', '2025-02-28 17:09:00', 3, NULL),
(501, 17, 9, '2025-02-28 17:30:00', '2025-02-28 19:31:00', 3, NULL),
(502, 13, 9, '2025-02-28 20:00:00', '2025-02-28 21:45:00', 3, NULL),
(503, 20, 9, '2025-02-28 22:00:00', '2025-02-28 23:49:00', 3, NULL),
(504, 1, 7, '2025-03-01 10:00:00', '2025-03-01 11:50:00', 3, NULL),
(505, 2, 8, '2025-03-01 10:00:00', '2025-03-01 11:59:00', 3, NULL),
(506, 7, 8, '2025-03-01 13:00:00', '2025-03-01 14:55:00', 3, NULL),
(507, 15, 8, '2025-03-01 16:20:00', '2025-03-01 18:28:00', 3, NULL),
(508, 15, 8, '2025-03-01 19:00:00', '2025-03-01 21:08:00', 3, NULL),
(509, 15, 8, '2025-03-01 21:30:00', '2025-03-01 23:38:00', 3, NULL),
(510, 21, 7, '2025-03-01 13:00:00', '2025-03-01 14:41:00', 3, NULL),
(511, 21, 7, '2025-03-01 15:00:00', '2025-03-01 16:41:00', 3, NULL),
(512, 22, 7, '2025-03-01 17:00:00', '2025-03-01 18:39:00', 3, NULL),
(513, 22, 7, '2025-03-01 19:00:00', '2025-03-01 20:39:00', 3, NULL),
(514, 22, 7, '2025-03-01 21:00:00', '2025-03-01 22:39:00', 3, NULL),
(515, 3, 7, '2025-03-01 23:00:00', '2025-03-02 00:41:00', 3, NULL),
(516, 8, 9, '2025-03-01 10:00:00', '2025-03-01 12:08:00', 3, NULL),
(517, 18, 9, '2025-03-01 13:00:00', '2025-03-01 15:09:00', 3, NULL),
(518, 23, 9, '2025-03-01 15:30:00', '2025-03-01 17:09:00', 3, NULL),
(519, 17, 9, '2025-03-01 17:30:00', '2025-03-01 19:31:00', 3, NULL),
(520, 13, 9, '2025-03-01 20:00:00', '2025-03-01 21:45:00', 3, NULL),
(521, 20, 9, '2025-03-01 22:00:00', '2025-03-01 23:49:00', 3, NULL),
(522, 1, 7, '2025-03-02 10:00:00', '2025-03-02 11:50:00', 3, NULL),
(523, 2, 8, '2025-03-02 10:00:00', '2025-03-02 11:59:00', 3, NULL),
(524, 7, 8, '2025-03-02 13:00:00', '2025-03-02 14:55:00', 3, NULL),
(525, 15, 8, '2025-03-02 16:20:00', '2025-03-02 18:28:00', 3, NULL),
(526, 15, 8, '2025-03-02 19:00:00', '2025-03-02 21:08:00', 3, NULL),
(527, 15, 8, '2025-03-02 21:30:00', '2025-03-02 23:38:00', 3, NULL),
(528, 21, 7, '2025-03-02 13:00:00', '2025-03-02 14:41:00', 3, NULL),
(529, 21, 7, '2025-03-02 15:00:00', '2025-03-02 16:41:00', 3, NULL),
(530, 22, 7, '2025-03-02 17:00:00', '2025-03-02 18:39:00', 3, NULL),
(531, 22, 7, '2025-03-02 19:00:00', '2025-03-02 20:39:00', 3, NULL),
(532, 22, 7, '2025-03-02 21:00:00', '2025-03-02 22:39:00', 3, NULL),
(533, 3, 7, '2025-03-02 23:00:00', '2025-03-03 00:41:00', 3, NULL),
(534, 8, 9, '2025-03-02 10:00:00', '2025-03-02 12:08:00', 3, NULL),
(535, 18, 9, '2025-03-02 13:00:00', '2025-03-02 15:09:00', 3, NULL),
(536, 23, 9, '2025-03-02 15:30:00', '2025-03-02 17:09:00', 3, NULL),
(537, 17, 9, '2025-03-02 17:30:00', '2025-03-02 19:31:00', 3, NULL),
(538, 13, 9, '2025-03-02 20:00:00', '2025-03-02 21:45:00', 3, NULL),
(539, 20, 9, '2025-03-02 22:00:00', '2025-03-02 23:49:00', 3, NULL),
(540, 1, 7, '2025-03-03 10:00:00', '2025-03-03 11:50:00', 3, NULL),
(541, 2, 8, '2025-03-03 10:00:00', '2025-03-03 11:59:00', 3, NULL),
(542, 7, 8, '2025-03-03 13:00:00', '2025-03-03 14:55:00', 3, NULL),
(543, 15, 8, '2025-03-03 16:20:00', '2025-03-03 18:28:00', 3, NULL),
(544, 15, 8, '2025-03-03 19:00:00', '2025-03-03 21:08:00', 3, NULL),
(545, 15, 8, '2025-03-03 21:30:00', '2025-03-03 23:38:00', 3, NULL),
(546, 21, 7, '2025-03-03 13:00:00', '2025-03-03 14:41:00', 3, NULL),
(547, 21, 7, '2025-03-03 15:00:00', '2025-03-03 16:41:00', 3, NULL),
(548, 22, 7, '2025-03-03 17:00:00', '2025-03-03 18:39:00', 3, NULL),
(549, 22, 7, '2025-03-03 19:00:00', '2025-03-03 20:39:00', 3, NULL),
(550, 22, 7, '2025-03-03 21:00:00', '2025-03-03 22:39:00', 3, NULL),
(551, 3, 7, '2025-03-03 23:00:00', '2025-03-04 00:41:00', 3, NULL),
(552, 8, 9, '2025-03-03 10:00:00', '2025-03-03 12:08:00', 3, NULL),
(553, 18, 9, '2025-03-03 13:00:00', '2025-03-03 15:09:00', 3, NULL),
(554, 23, 9, '2025-03-03 15:30:00', '2025-03-03 17:09:00', 3, NULL),
(555, 17, 9, '2025-03-03 17:30:00', '2025-03-03 19:31:00', 3, NULL),
(556, 13, 9, '2025-03-03 20:00:00', '2025-03-03 21:45:00', 3, NULL),
(557, 20, 9, '2025-03-03 22:00:00', '2025-03-03 23:49:00', 3, NULL),
(558, 1, 7, '2025-03-04 10:00:00', '2025-03-04 11:50:00', 3, NULL),
(559, 2, 8, '2025-03-04 10:00:00', '2025-03-04 11:59:00', 3, NULL),
(560, 7, 8, '2025-03-04 13:00:00', '2025-03-04 14:55:00', 3, NULL),
(561, 15, 8, '2025-03-04 16:20:00', '2025-03-04 18:28:00', 3, NULL),
(562, 15, 8, '2025-03-04 19:00:00', '2025-03-04 21:08:00', 3, NULL),
(563, 15, 8, '2025-03-04 21:30:00', '2025-03-04 23:38:00', 3, NULL),
(564, 21, 7, '2025-03-04 13:00:00', '2025-03-04 14:41:00', 3, NULL),
(565, 21, 7, '2025-03-04 15:00:00', '2025-03-04 16:41:00', 3, NULL),
(566, 22, 7, '2025-03-04 17:00:00', '2025-03-04 18:39:00', 3, NULL),
(567, 22, 7, '2025-03-04 19:00:00', '2025-03-04 20:39:00', 3, NULL),
(568, 22, 7, '2025-03-04 21:00:00', '2025-03-04 22:39:00', 3, NULL),
(569, 3, 7, '2025-03-04 23:00:00', '2025-03-05 00:41:00', 3, NULL),
(570, 8, 9, '2025-03-04 10:00:00', '2025-03-04 12:08:00', 3, NULL),
(571, 18, 9, '2025-03-04 13:00:00', '2025-03-04 15:09:00', 3, NULL),
(572, 23, 9, '2025-03-04 15:30:00', '2025-03-04 17:09:00', 3, NULL),
(573, 17, 9, '2025-03-04 17:30:00', '2025-03-04 19:31:00', 3, NULL),
(574, 13, 9, '2025-03-04 20:00:00', '2025-03-04 21:45:00', 3, NULL),
(575, 20, 9, '2025-03-04 22:00:00', '2025-03-04 23:49:00', 3, NULL),
(576, 18, 10, '2025-02-26 14:00:00', '2025-02-26 16:09:00', 4, NULL),
(577, 2, 11, '2025-02-26 20:00:00', '2025-02-26 21:59:00', 4, NULL),
(578, 21, 10, '2025-02-26 20:00:00', '2025-02-26 21:41:00', 4, NULL),
(579, 22, 3, '2025-02-26 20:00:00', '2025-02-26 21:39:00', 4, NULL),
(580, 15, 11, '2025-02-26 22:30:00', '2025-02-27 00:38:00', 4, NULL),
(581, 23, 10, '2025-02-26 22:30:00', '2025-02-27 00:09:00', 4, NULL),
(582, 18, 3, '2025-02-26 22:30:00', '2025-02-27 00:39:00', 4, NULL),
(583, 1, 10, '2025-02-27 10:00:00', '2025-02-27 11:50:00', 4, NULL),
(584, 2, 11, '2025-02-27 10:00:00', '2025-02-27 11:59:00', 4, NULL),
(585, 7, 11, '2025-02-27 13:00:00', '2025-02-27 14:55:00', 4, NULL),
(586, 15, 11, '2025-02-27 16:20:00', '2025-02-27 18:28:00', 4, NULL),
(587, 15, 11, '2025-02-27 19:00:00', '2025-02-27 21:08:00', 4, NULL),
(588, 15, 11, '2025-02-27 21:30:00', '2025-02-27 23:38:00', 4, NULL),
(589, 21, 10, '2025-02-27 13:00:00', '2025-02-27 14:41:00', 4, NULL),
(590, 21, 10, '2025-02-27 15:00:00', '2025-02-27 16:41:00', 4, NULL),
(591, 22, 10, '2025-02-27 17:00:00', '2025-02-27 18:39:00', 4, NULL),
(592, 22, 10, '2025-02-27 19:00:00', '2025-02-27 20:39:00', 4, NULL),
(593, 22, 10, '2025-02-27 21:00:00', '2025-02-27 22:39:00', 4, NULL),
(594, 3, 10, '2025-02-27 23:00:00', '2025-02-28 00:41:00', 4, NULL),
(595, 8, 3, '2025-02-27 10:00:00', '2025-02-27 12:08:00', 4, NULL),
(596, 18, 3, '2025-02-27 13:00:00', '2025-02-27 15:09:00', 4, NULL),
(597, 23, 3, '2025-02-27 15:30:00', '2025-02-27 17:09:00', 4, NULL),
(598, 17, 3, '2025-02-27 17:30:00', '2025-02-27 19:31:00', 4, NULL),
(599, 13, 3, '2025-02-27 20:00:00', '2025-02-27 21:45:00', 4, NULL),
(600, 20, 3, '2025-02-27 22:00:00', '2025-02-27 23:49:00', 4, NULL),
(601, 1, 10, '2025-02-28 10:00:00', '2025-02-28 11:50:00', 4, NULL),
(602, 2, 11, '2025-02-28 10:00:00', '2025-02-28 11:59:00', 4, NULL),
(603, 7, 11, '2025-02-28 13:00:00', '2025-02-28 14:55:00', 4, NULL),
(604, 15, 11, '2025-02-28 16:20:00', '2025-02-28 18:28:00', 4, NULL),
(605, 15, 11, '2025-02-28 19:00:00', '2025-02-28 21:08:00', 4, NULL),
(606, 15, 11, '2025-02-28 21:30:00', '2025-02-28 23:38:00', 4, NULL),
(607, 21, 10, '2025-02-28 13:00:00', '2025-02-28 14:41:00', 4, NULL),
(608, 21, 10, '2025-02-28 15:00:00', '2025-02-28 16:41:00', 4, NULL),
(609, 22, 10, '2025-02-28 17:00:00', '2025-02-28 18:39:00', 4, NULL),
(610, 22, 10, '2025-02-28 19:00:00', '2025-02-28 20:39:00', 4, NULL),
(611, 22, 10, '2025-02-28 21:00:00', '2025-02-28 22:39:00', 4, NULL),
(612, 3, 10, '2025-02-28 23:00:00', '2025-03-01 00:41:00', 4, NULL),
(613, 8, 3, '2025-02-28 10:00:00', '2025-02-28 12:08:00', 4, NULL),
(614, 18, 3, '2025-02-28 13:00:00', '2025-02-28 15:09:00', 4, NULL),
(615, 23, 3, '2025-02-28 15:30:00', '2025-02-28 17:09:00', 4, NULL),
(616, 17, 3, '2025-02-28 17:30:00', '2025-02-28 19:31:00', 4, NULL),
(617, 13, 3, '2025-02-28 20:00:00', '2025-02-28 21:45:00', 4, NULL),
(618, 20, 3, '2025-02-28 22:00:00', '2025-02-28 23:49:00', 4, NULL),
(619, 1, 10, '2025-03-01 10:00:00', '2025-03-01 11:50:00', 4, NULL),
(620, 2, 11, '2025-03-01 10:00:00', '2025-03-01 11:59:00', 4, NULL),
(621, 7, 11, '2025-03-01 13:00:00', '2025-03-01 14:55:00', 4, NULL),
(622, 15, 11, '2025-03-01 16:20:00', '2025-03-01 18:28:00', 4, NULL),
(623, 15, 11, '2025-03-01 19:00:00', '2025-03-01 21:08:00', 4, NULL),
(624, 15, 11, '2025-03-01 21:30:00', '2025-03-01 23:38:00', 4, NULL),
(625, 21, 10, '2025-03-01 13:00:00', '2025-03-01 14:41:00', 4, NULL),
(626, 21, 10, '2025-03-01 15:00:00', '2025-03-01 16:41:00', 4, NULL),
(627, 22, 10, '2025-03-01 17:00:00', '2025-03-01 18:39:00', 4, NULL),
(628, 22, 10, '2025-03-01 19:00:00', '2025-03-01 20:39:00', 4, NULL),
(629, 22, 10, '2025-03-01 21:00:00', '2025-03-01 22:39:00', 4, NULL),
(630, 3, 10, '2025-03-01 23:00:00', '2025-03-02 00:41:00', 4, NULL),
(631, 8, 3, '2025-03-01 10:00:00', '2025-03-01 12:08:00', 4, NULL),
(632, 18, 3, '2025-03-01 13:00:00', '2025-03-01 15:09:00', 4, NULL),
(633, 23, 3, '2025-03-01 15:30:00', '2025-03-01 17:09:00', 4, NULL),
(634, 17, 3, '2025-03-01 17:30:00', '2025-03-01 19:31:00', 4, NULL),
(635, 13, 3, '2025-03-01 20:00:00', '2025-03-01 21:45:00', 4, NULL),
(636, 20, 3, '2025-03-01 22:00:00', '2025-03-01 23:49:00', 4, NULL),
(637, 1, 10, '2025-03-02 10:00:00', '2025-03-02 11:50:00', 4, NULL),
(638, 2, 11, '2025-03-02 10:00:00', '2025-03-02 11:59:00', 4, NULL),
(639, 7, 11, '2025-03-02 13:00:00', '2025-03-02 14:55:00', 4, NULL),
(640, 15, 11, '2025-03-02 16:20:00', '2025-03-02 18:28:00', 4, NULL),
(641, 15, 11, '2025-03-02 19:00:00', '2025-03-02 21:08:00', 4, NULL),
(642, 15, 11, '2025-03-02 21:30:00', '2025-03-02 23:38:00', 4, NULL),
(643, 21, 10, '2025-03-02 13:00:00', '2025-03-02 14:41:00', 4, NULL),
(644, 21, 10, '2025-03-02 15:00:00', '2025-03-02 16:41:00', 4, NULL),
(645, 22, 10, '2025-03-02 17:00:00', '2025-03-02 18:39:00', 4, NULL),
(646, 22, 10, '2025-03-02 19:00:00', '2025-03-02 20:39:00', 4, NULL),
(647, 22, 10, '2025-03-02 21:00:00', '2025-03-02 22:39:00', 4, NULL),
(648, 3, 10, '2025-03-02 23:00:00', '2025-03-03 00:41:00', 4, NULL),
(649, 8, 3, '2025-03-02 10:00:00', '2025-03-02 12:08:00', 4, NULL),
(650, 18, 3, '2025-03-02 13:00:00', '2025-03-02 15:09:00', 4, NULL),
(651, 23, 3, '2025-03-02 15:30:00', '2025-03-02 17:09:00', 4, NULL),
(652, 17, 3, '2025-03-02 17:30:00', '2025-03-02 19:31:00', 4, NULL),
(653, 13, 3, '2025-03-02 20:00:00', '2025-03-02 21:45:00', 4, NULL),
(654, 20, 3, '2025-03-02 22:00:00', '2025-03-02 23:49:00', 4, NULL),
(655, 1, 10, '2025-03-03 10:00:00', '2025-03-03 11:50:00', 4, NULL),
(656, 2, 11, '2025-03-03 10:00:00', '2025-03-03 11:59:00', 4, NULL),
(657, 7, 11, '2025-03-03 13:00:00', '2025-03-03 14:55:00', 4, NULL),
(658, 15, 11, '2025-03-03 16:20:00', '2025-03-03 18:28:00', 4, NULL),
(659, 15, 11, '2025-03-03 19:00:00', '2025-03-03 21:08:00', 4, NULL),
(660, 15, 11, '2025-03-03 21:30:00', '2025-03-03 23:38:00', 4, NULL),
(661, 21, 10, '2025-03-03 13:00:00', '2025-03-03 14:41:00', 4, NULL),
(662, 21, 10, '2025-03-03 15:00:00', '2025-03-03 16:41:00', 4, NULL),
(663, 22, 10, '2025-03-03 17:00:00', '2025-03-03 18:39:00', 4, NULL),
(664, 22, 10, '2025-03-03 19:00:00', '2025-03-03 20:39:00', 4, NULL),
(665, 22, 10, '2025-03-03 21:00:00', '2025-03-03 22:39:00', 4, NULL),
(666, 3, 10, '2025-03-03 23:00:00', '2025-03-04 00:41:00', 4, NULL),
(667, 8, 3, '2025-03-03 10:00:00', '2025-03-03 12:08:00', 4, NULL),
(668, 18, 3, '2025-03-03 13:00:00', '2025-03-03 15:09:00', 4, NULL),
(669, 23, 3, '2025-03-03 15:30:00', '2025-03-03 17:09:00', 4, NULL),
(670, 17, 3, '2025-03-03 17:30:00', '2025-03-03 19:31:00', 4, NULL),
(671, 13, 3, '2025-03-03 20:00:00', '2025-03-03 21:45:00', 4, NULL),
(672, 20, 3, '2025-03-03 22:00:00', '2025-03-03 23:49:00', 4, NULL),
(673, 1, 10, '2025-03-04 10:00:00', '2025-03-04 11:50:00', 4, NULL),
(674, 2, 11, '2025-03-04 10:00:00', '2025-03-04 11:59:00', 4, NULL),
(675, 7, 11, '2025-03-04 13:00:00', '2025-03-04 14:55:00', 4, NULL),
(676, 15, 11, '2025-03-04 16:20:00', '2025-03-04 18:28:00', 4, NULL),
(677, 15, 11, '2025-03-04 19:00:00', '2025-03-04 21:08:00', 4, NULL),
(678, 15, 11, '2025-03-04 21:30:00', '2025-03-04 23:38:00', 4, NULL),
(679, 21, 10, '2025-03-04 13:00:00', '2025-03-04 14:41:00', 4, NULL),
(680, 21, 10, '2025-03-04 15:00:00', '2025-03-04 16:41:00', 4, NULL),
(681, 22, 10, '2025-03-04 17:00:00', '2025-03-04 18:39:00', 4, NULL),
(682, 22, 10, '2025-03-04 19:00:00', '2025-03-04 20:39:00', 4, NULL),
(683, 22, 10, '2025-03-04 21:00:00', '2025-03-04 22:39:00', 4, NULL),
(684, 3, 10, '2025-03-04 23:00:00', '2025-03-05 00:41:00', 4, NULL),
(685, 8, 3, '2025-03-04 10:00:00', '2025-03-04 12:08:00', 4, NULL),
(686, 18, 3, '2025-03-04 13:00:00', '2025-03-04 15:09:00', 4, NULL),
(687, 23, 3, '2025-03-04 15:30:00', '2025-03-04 17:09:00', 4, NULL),
(688, 17, 3, '2025-03-04 17:30:00', '2025-03-04 19:31:00', 4, NULL),
(689, 13, 3, '2025-03-04 20:00:00', '2025-03-04 21:45:00', 4, NULL),
(690, 20, 3, '2025-03-04 22:00:00', '2025-03-04 23:49:00', 4, NULL),
(691, 18, 13, '2025-02-26 14:00:00', '2025-02-26 16:09:00', 5, NULL),
(692, 2, 14, '2025-02-26 20:00:00', '2025-02-26 21:59:00', 5, NULL),
(693, 21, 13, '2025-02-26 20:00:00', '2025-02-26 21:41:00', 5, NULL),
(694, 22, 15, '2025-02-26 20:00:00', '2025-02-26 21:39:00', 5, NULL),
(695, 15, 14, '2025-02-26 22:30:00', '2025-02-27 00:38:00', 5, NULL),
(696, 23, 13, '2025-02-26 22:30:00', '2025-02-27 00:09:00', 5, NULL),
(697, 18, 15, '2025-02-26 22:30:00', '2025-02-27 00:39:00', 5, NULL),
(698, 1, 13, '2025-02-27 10:00:00', '2025-02-27 11:50:00', 5, NULL),
(699, 2, 14, '2025-02-27 10:00:00', '2025-02-27 11:59:00', 5, NULL),
(700, 7, 14, '2025-02-27 13:00:00', '2025-02-27 14:55:00', 5, NULL),
(701, 15, 14, '2025-02-27 16:20:00', '2025-02-27 18:28:00', 5, NULL),
(702, 15, 14, '2025-02-27 19:00:00', '2025-02-27 21:08:00', 5, NULL),
(703, 15, 14, '2025-02-27 21:30:00', '2025-02-27 23:38:00', 5, NULL),
(704, 21, 13, '2025-02-27 13:00:00', '2025-02-27 14:41:00', 5, NULL),
(705, 21, 13, '2025-02-27 15:00:00', '2025-02-27 16:41:00', 5, NULL),
(706, 22, 13, '2025-02-27 17:00:00', '2025-02-27 18:39:00', 5, NULL),
(707, 22, 13, '2025-02-27 19:00:00', '2025-02-27 20:39:00', 5, NULL),
(708, 22, 13, '2025-02-27 21:00:00', '2025-02-27 22:39:00', 5, NULL),
(709, 3, 13, '2025-02-27 23:00:00', '2025-02-28 00:41:00', 5, NULL),
(710, 8, 15, '2025-02-27 10:00:00', '2025-02-27 12:08:00', 5, NULL),
(711, 18, 15, '2025-02-27 13:00:00', '2025-02-27 15:09:00', 5, NULL),
(712, 23, 15, '2025-02-27 15:30:00', '2025-02-27 17:09:00', 5, NULL),
(713, 17, 15, '2025-02-27 17:30:00', '2025-02-27 19:31:00', 5, NULL),
(714, 13, 15, '2025-02-27 20:00:00', '2025-02-27 21:45:00', 5, NULL),
(715, 20, 15, '2025-02-27 22:00:00', '2025-02-27 23:49:00', 5, NULL),
(716, 1, 13, '2025-02-28 10:00:00', '2025-02-28 11:50:00', 5, NULL),
(717, 2, 14, '2025-02-28 10:00:00', '2025-02-28 11:59:00', 5, NULL),
(718, 7, 14, '2025-02-28 13:00:00', '2025-02-28 14:55:00', 5, NULL),
(719, 15, 14, '2025-02-28 16:20:00', '2025-02-28 18:28:00', 5, NULL),
(720, 15, 14, '2025-02-28 19:00:00', '2025-02-28 21:08:00', 5, NULL),
(721, 15, 14, '2025-02-28 21:30:00', '2025-02-28 23:38:00', 5, NULL),
(722, 21, 13, '2025-02-28 13:00:00', '2025-02-28 14:41:00', 5, NULL),
(723, 21, 13, '2025-02-28 15:00:00', '2025-02-28 16:41:00', 5, NULL),
(724, 22, 13, '2025-02-28 17:00:00', '2025-02-28 18:39:00', 5, NULL),
(725, 22, 13, '2025-02-28 19:00:00', '2025-02-28 20:39:00', 5, NULL),
(726, 22, 13, '2025-02-28 21:00:00', '2025-02-28 22:39:00', 5, NULL),
(727, 3, 13, '2025-02-28 23:00:00', '2025-03-01 00:41:00', 5, NULL),
(728, 8, 15, '2025-02-28 10:00:00', '2025-02-28 12:08:00', 5, NULL),
(729, 18, 15, '2025-02-28 13:00:00', '2025-02-28 15:09:00', 5, NULL),
(730, 23, 15, '2025-02-28 15:30:00', '2025-02-28 17:09:00', 5, NULL),
(731, 17, 15, '2025-02-28 17:30:00', '2025-02-28 19:31:00', 5, NULL),
(732, 13, 15, '2025-02-28 20:00:00', '2025-02-28 21:45:00', 5, NULL),
(733, 20, 15, '2025-02-28 22:00:00', '2025-02-28 23:49:00', 5, NULL),
(734, 1, 13, '2025-03-01 10:00:00', '2025-03-01 11:50:00', 5, NULL),
(735, 2, 14, '2025-03-01 10:00:00', '2025-03-01 11:59:00', 5, NULL),
(736, 7, 14, '2025-03-01 13:00:00', '2025-03-01 14:55:00', 5, NULL),
(737, 15, 14, '2025-03-01 16:20:00', '2025-03-01 18:28:00', 5, NULL),
(738, 15, 14, '2025-03-01 19:00:00', '2025-03-01 21:08:00', 5, NULL),
(739, 15, 14, '2025-03-01 21:30:00', '2025-03-01 23:38:00', 5, NULL),
(740, 21, 13, '2025-03-01 13:00:00', '2025-03-01 14:41:00', 5, NULL),
(741, 21, 13, '2025-03-01 15:00:00', '2025-03-01 16:41:00', 5, NULL),
(742, 22, 13, '2025-03-01 17:00:00', '2025-03-01 18:39:00', 5, NULL),
(743, 22, 13, '2025-03-01 19:00:00', '2025-03-01 20:39:00', 5, NULL),
(744, 22, 13, '2025-03-01 21:00:00', '2025-03-01 22:39:00', 5, NULL),
(745, 3, 13, '2025-03-01 23:00:00', '2025-03-02 00:41:00', 5, NULL),
(746, 8, 15, '2025-03-01 10:00:00', '2025-03-01 12:08:00', 5, NULL),
(747, 18, 15, '2025-03-01 13:00:00', '2025-03-01 15:09:00', 5, NULL);
INSERT INTO `seances` (`id`, `film_id_id`, `salle_id_id`, `date_debut`, `date_fin`, `cinema_id`, `technologies`) VALUES
(748, 23, 15, '2025-03-01 15:30:00', '2025-03-01 17:09:00', 5, NULL),
(749, 17, 15, '2025-03-01 17:30:00', '2025-03-01 19:31:00', 5, NULL),
(750, 13, 15, '2025-03-01 20:00:00', '2025-03-01 21:45:00', 5, NULL),
(751, 20, 15, '2025-03-01 22:00:00', '2025-03-01 23:49:00', 5, NULL),
(752, 1, 13, '2025-03-02 10:00:00', '2025-03-02 11:50:00', 5, NULL),
(753, 2, 14, '2025-03-02 10:00:00', '2025-03-02 11:59:00', 5, NULL),
(754, 7, 14, '2025-03-02 13:00:00', '2025-03-02 14:55:00', 5, NULL),
(755, 15, 14, '2025-03-02 16:20:00', '2025-03-02 18:28:00', 5, NULL),
(756, 15, 14, '2025-03-02 19:00:00', '2025-03-02 21:08:00', 5, NULL),
(757, 15, 14, '2025-03-02 21:30:00', '2025-03-02 23:38:00', 5, NULL),
(758, 21, 13, '2025-03-02 13:00:00', '2025-03-02 14:41:00', 5, NULL),
(759, 21, 13, '2025-03-02 15:00:00', '2025-03-02 16:41:00', 5, NULL),
(760, 22, 13, '2025-03-02 17:00:00', '2025-03-02 18:39:00', 5, NULL),
(761, 22, 13, '2025-03-02 19:00:00', '2025-03-02 20:39:00', 5, NULL),
(762, 22, 13, '2025-03-02 21:00:00', '2025-03-02 22:39:00', 5, NULL),
(763, 3, 13, '2025-03-02 23:00:00', '2025-03-03 00:41:00', 5, NULL),
(764, 8, 15, '2025-03-02 10:00:00', '2025-03-02 12:08:00', 5, NULL),
(765, 18, 15, '2025-03-02 13:00:00', '2025-03-02 15:09:00', 5, NULL),
(766, 23, 15, '2025-03-02 15:30:00', '2025-03-02 17:09:00', 5, NULL),
(767, 17, 15, '2025-03-02 17:30:00', '2025-03-02 19:31:00', 5, NULL),
(768, 13, 15, '2025-03-02 20:00:00', '2025-03-02 21:45:00', 5, NULL),
(769, 20, 15, '2025-03-02 22:00:00', '2025-03-02 23:49:00', 5, NULL),
(770, 1, 13, '2025-03-03 10:00:00', '2025-03-03 11:50:00', 5, NULL),
(771, 2, 14, '2025-03-03 10:00:00', '2025-03-03 11:59:00', 5, NULL),
(772, 7, 14, '2025-03-03 13:00:00', '2025-03-03 14:55:00', 5, NULL),
(773, 15, 14, '2025-03-03 16:20:00', '2025-03-03 18:28:00', 5, NULL),
(774, 15, 14, '2025-03-03 19:00:00', '2025-03-03 21:08:00', 5, NULL),
(775, 15, 14, '2025-03-03 21:30:00', '2025-03-03 23:38:00', 5, NULL),
(776, 21, 13, '2025-03-03 13:00:00', '2025-03-03 14:41:00', 5, NULL),
(777, 21, 13, '2025-03-03 15:00:00', '2025-03-03 16:41:00', 5, NULL),
(778, 22, 13, '2025-03-03 17:00:00', '2025-03-03 18:39:00', 5, NULL),
(779, 22, 13, '2025-03-03 19:00:00', '2025-03-03 20:39:00', 5, NULL),
(780, 22, 13, '2025-03-03 21:00:00', '2025-03-03 22:39:00', 5, NULL),
(781, 3, 13, '2025-03-03 23:00:00', '2025-03-04 00:41:00', 5, NULL),
(782, 8, 15, '2025-03-03 10:00:00', '2025-03-03 12:08:00', 5, NULL),
(783, 18, 15, '2025-03-03 13:00:00', '2025-03-03 15:09:00', 5, NULL),
(784, 23, 15, '2025-03-03 15:30:00', '2025-03-03 17:09:00', 5, NULL),
(785, 17, 15, '2025-03-03 17:30:00', '2025-03-03 19:31:00', 5, NULL),
(786, 13, 15, '2025-03-03 20:00:00', '2025-03-03 21:45:00', 5, NULL),
(787, 20, 15, '2025-03-03 22:00:00', '2025-03-03 23:49:00', 5, NULL),
(788, 1, 13, '2025-03-04 10:00:00', '2025-03-04 11:50:00', 5, NULL),
(789, 2, 14, '2025-03-04 10:00:00', '2025-03-04 11:59:00', 5, NULL),
(790, 7, 14, '2025-03-04 13:00:00', '2025-03-04 14:55:00', 5, NULL),
(791, 15, 14, '2025-03-04 16:20:00', '2025-03-04 18:28:00', 5, NULL),
(792, 15, 14, '2025-03-04 19:00:00', '2025-03-04 21:08:00', 5, NULL),
(793, 15, 14, '2025-03-04 21:30:00', '2025-03-04 23:38:00', 5, NULL),
(794, 21, 13, '2025-03-04 13:00:00', '2025-03-04 14:41:00', 5, NULL),
(795, 21, 13, '2025-03-04 15:00:00', '2025-03-04 16:41:00', 5, NULL),
(796, 22, 13, '2025-03-04 17:00:00', '2025-03-04 18:39:00', 5, NULL),
(797, 22, 13, '2025-03-04 19:00:00', '2025-03-04 20:39:00', 5, NULL),
(798, 22, 13, '2025-03-04 21:00:00', '2025-03-04 22:39:00', 5, NULL),
(799, 3, 13, '2025-03-04 23:00:00', '2025-03-05 00:41:00', 5, NULL),
(800, 8, 15, '2025-03-04 10:00:00', '2025-03-04 12:08:00', 5, NULL),
(801, 18, 15, '2025-03-04 13:00:00', '2025-03-04 15:09:00', 5, NULL),
(802, 23, 15, '2025-03-04 15:30:00', '2025-03-04 17:09:00', 5, NULL),
(803, 17, 15, '2025-03-04 17:30:00', '2025-03-04 19:31:00', 5, NULL),
(804, 13, 15, '2025-03-04 20:00:00', '2025-03-04 21:45:00', 5, NULL),
(805, 20, 15, '2025-03-04 22:00:00', '2025-03-04 23:49:00', 5, NULL),
(806, 18, 16, '2025-02-26 14:00:00', '2025-02-26 16:09:00', 6, NULL),
(807, 2, 17, '2025-02-26 20:00:00', '2025-02-26 21:59:00', 6, NULL),
(808, 21, 16, '2025-02-26 20:00:00', '2025-02-26 21:41:00', 6, NULL),
(809, 22, 18, '2025-02-26 20:00:00', '2025-02-26 21:39:00', 6, NULL),
(810, 15, 17, '2025-02-26 22:30:00', '2025-02-27 00:38:00', 6, NULL),
(811, 23, 16, '2025-02-26 22:30:00', '2025-02-27 00:09:00', 6, NULL),
(812, 18, 18, '2025-02-26 22:30:00', '2025-02-27 00:39:00', 6, NULL),
(813, 1, 16, '2025-02-27 10:00:00', '2025-02-27 11:50:00', 6, NULL),
(814, 2, 17, '2025-02-27 10:00:00', '2025-02-27 11:59:00', 6, NULL),
(815, 7, 17, '2025-02-27 13:00:00', '2025-02-27 14:55:00', 6, NULL),
(816, 15, 17, '2025-02-27 16:20:00', '2025-02-27 18:28:00', 6, NULL),
(817, 15, 17, '2025-02-27 19:00:00', '2025-02-27 21:08:00', 6, NULL),
(818, 15, 17, '2025-02-27 21:30:00', '2025-02-27 23:38:00', 6, NULL),
(819, 21, 16, '2025-02-27 13:00:00', '2025-02-27 14:41:00', 6, NULL),
(820, 21, 16, '2025-02-27 15:00:00', '2025-02-27 16:41:00', 6, NULL),
(821, 22, 16, '2025-02-27 17:00:00', '2025-02-27 18:39:00', 6, NULL),
(822, 22, 16, '2025-02-27 19:00:00', '2025-02-27 20:39:00', 6, NULL),
(823, 22, 16, '2025-02-27 21:00:00', '2025-02-27 22:39:00', 6, NULL),
(824, 3, 16, '2025-02-27 23:00:00', '2025-02-28 00:41:00', 6, NULL),
(825, 8, 18, '2025-02-27 10:00:00', '2025-02-27 12:08:00', 6, NULL),
(826, 18, 18, '2025-02-27 13:00:00', '2025-02-27 15:09:00', 6, NULL),
(827, 23, 18, '2025-02-27 15:30:00', '2025-02-27 17:09:00', 6, NULL),
(828, 17, 18, '2025-02-27 17:30:00', '2025-02-27 19:31:00', 6, NULL),
(829, 13, 18, '2025-02-27 20:00:00', '2025-02-27 21:45:00', 6, NULL),
(830, 20, 18, '2025-02-27 22:00:00', '2025-02-27 23:49:00', 6, NULL),
(831, 1, 16, '2025-02-28 10:00:00', '2025-02-28 11:50:00', 6, NULL),
(832, 2, 17, '2025-02-28 10:00:00', '2025-02-28 11:59:00', 6, NULL),
(833, 7, 17, '2025-02-28 13:00:00', '2025-02-28 14:55:00', 6, NULL),
(834, 15, 17, '2025-02-28 16:20:00', '2025-02-28 18:28:00', 6, NULL),
(835, 15, 17, '2025-02-28 19:00:00', '2025-02-28 21:08:00', 6, NULL),
(836, 15, 17, '2025-02-28 21:30:00', '2025-02-28 23:38:00', 6, NULL),
(837, 21, 16, '2025-02-28 13:00:00', '2025-02-28 14:41:00', 6, NULL),
(838, 21, 16, '2025-02-28 15:00:00', '2025-02-28 16:41:00', 6, NULL),
(839, 22, 16, '2025-02-28 17:00:00', '2025-02-28 18:39:00', 6, NULL),
(840, 22, 16, '2025-02-28 19:00:00', '2025-02-28 20:39:00', 6, NULL),
(841, 22, 16, '2025-02-28 21:00:00', '2025-02-28 22:39:00', 6, NULL),
(842, 3, 16, '2025-02-28 23:00:00', '2025-03-01 00:41:00', 6, NULL),
(843, 8, 18, '2025-02-28 10:00:00', '2025-02-28 12:08:00', 6, NULL),
(844, 18, 18, '2025-02-28 13:00:00', '2025-02-28 15:09:00', 6, NULL),
(845, 23, 18, '2025-02-28 15:30:00', '2025-02-28 17:09:00', 6, NULL),
(846, 17, 18, '2025-02-28 17:30:00', '2025-02-28 19:31:00', 6, NULL),
(847, 13, 18, '2025-02-28 20:00:00', '2025-02-28 21:45:00', 6, NULL),
(848, 20, 18, '2025-02-28 22:00:00', '2025-02-28 23:49:00', 6, NULL),
(849, 1, 16, '2025-03-01 10:00:00', '2025-03-01 11:50:00', 6, NULL),
(850, 2, 17, '2025-03-01 10:00:00', '2025-03-01 11:59:00', 6, NULL),
(851, 7, 17, '2025-03-01 13:00:00', '2025-03-01 14:55:00', 6, NULL),
(852, 15, 17, '2025-03-01 16:20:00', '2025-03-01 18:28:00', 6, NULL),
(853, 15, 17, '2025-03-01 19:00:00', '2025-03-01 21:08:00', 6, NULL),
(854, 15, 17, '2025-03-01 21:30:00', '2025-03-01 23:38:00', 6, NULL),
(855, 21, 16, '2025-03-01 13:00:00', '2025-03-01 14:41:00', 6, NULL),
(856, 21, 16, '2025-03-01 15:00:00', '2025-03-01 16:41:00', 6, NULL),
(857, 22, 16, '2025-03-01 17:00:00', '2025-03-01 18:39:00', 6, NULL),
(858, 22, 16, '2025-03-01 19:00:00', '2025-03-01 20:39:00', 6, NULL),
(859, 22, 16, '2025-03-01 21:00:00', '2025-03-01 22:39:00', 6, NULL),
(860, 3, 16, '2025-03-01 23:00:00', '2025-03-02 00:41:00', 6, NULL),
(861, 8, 18, '2025-03-01 10:00:00', '2025-03-01 12:08:00', 6, NULL),
(862, 18, 18, '2025-03-01 13:00:00', '2025-03-01 15:09:00', 6, NULL),
(863, 23, 18, '2025-03-01 15:30:00', '2025-03-01 17:09:00', 6, NULL),
(864, 17, 18, '2025-03-01 17:30:00', '2025-03-01 19:31:00', 6, NULL),
(865, 13, 18, '2025-03-01 20:00:00', '2025-03-01 21:45:00', 6, NULL),
(866, 20, 18, '2025-03-01 22:00:00', '2025-03-01 23:49:00', 6, NULL),
(867, 1, 16, '2025-03-02 10:00:00', '2025-03-02 11:50:00', 6, NULL),
(868, 2, 17, '2025-03-02 10:00:00', '2025-03-02 11:59:00', 6, NULL),
(869, 7, 17, '2025-03-02 13:00:00', '2025-03-02 14:55:00', 6, NULL),
(870, 15, 17, '2025-03-02 16:20:00', '2025-03-02 18:28:00', 6, NULL),
(871, 15, 17, '2025-03-02 19:00:00', '2025-03-02 21:08:00', 6, NULL),
(872, 15, 17, '2025-03-02 21:30:00', '2025-03-02 23:38:00', 6, NULL),
(873, 21, 16, '2025-03-02 13:00:00', '2025-03-02 14:41:00', 6, NULL),
(874, 21, 16, '2025-03-02 15:00:00', '2025-03-02 16:41:00', 6, NULL),
(875, 22, 16, '2025-03-02 17:00:00', '2025-03-02 18:39:00', 6, NULL),
(876, 22, 16, '2025-03-02 19:00:00', '2025-03-02 20:39:00', 6, NULL),
(877, 22, 16, '2025-03-02 21:00:00', '2025-03-02 22:39:00', 6, NULL),
(878, 3, 16, '2025-03-02 23:00:00', '2025-03-03 00:41:00', 6, NULL),
(879, 8, 18, '2025-03-02 10:00:00', '2025-03-02 12:08:00', 6, NULL),
(880, 18, 18, '2025-03-02 13:00:00', '2025-03-02 15:09:00', 6, NULL),
(881, 23, 18, '2025-03-02 15:30:00', '2025-03-02 17:09:00', 6, NULL),
(882, 17, 18, '2025-03-02 17:30:00', '2025-03-02 19:31:00', 6, NULL),
(883, 13, 18, '2025-03-02 20:00:00', '2025-03-02 21:45:00', 6, NULL),
(884, 20, 18, '2025-03-02 22:00:00', '2025-03-02 23:49:00', 6, NULL),
(885, 1, 16, '2025-03-03 10:00:00', '2025-03-03 11:50:00', 6, NULL),
(886, 2, 17, '2025-03-03 10:00:00', '2025-03-03 11:59:00', 6, NULL),
(887, 7, 17, '2025-03-03 13:00:00', '2025-03-03 14:55:00', 6, NULL),
(888, 15, 17, '2025-03-03 16:20:00', '2025-03-03 18:28:00', 6, NULL),
(889, 15, 17, '2025-03-03 19:00:00', '2025-03-03 21:08:00', 6, NULL),
(890, 15, 17, '2025-03-03 21:30:00', '2025-03-03 23:38:00', 6, NULL),
(891, 21, 16, '2025-03-03 13:00:00', '2025-03-03 14:41:00', 6, NULL),
(892, 21, 16, '2025-03-03 15:00:00', '2025-03-03 16:41:00', 6, NULL),
(893, 22, 16, '2025-03-03 17:00:00', '2025-03-03 18:39:00', 6, NULL),
(894, 22, 16, '2025-03-03 19:00:00', '2025-03-03 20:39:00', 6, NULL),
(895, 22, 16, '2025-03-03 21:00:00', '2025-03-03 22:39:00', 6, NULL),
(896, 3, 16, '2025-03-03 23:00:00', '2025-03-04 00:41:00', 6, NULL),
(897, 8, 18, '2025-03-03 10:00:00', '2025-03-03 12:08:00', 6, NULL),
(898, 18, 18, '2025-03-03 13:00:00', '2025-03-03 15:09:00', 6, NULL),
(899, 23, 18, '2025-03-03 15:30:00', '2025-03-03 17:09:00', 6, NULL),
(900, 17, 18, '2025-03-03 17:30:00', '2025-03-03 19:31:00', 6, NULL),
(901, 13, 18, '2025-03-03 20:00:00', '2025-03-03 21:45:00', 6, NULL),
(902, 20, 18, '2025-03-03 22:00:00', '2025-03-03 23:49:00', 6, NULL),
(903, 1, 16, '2025-03-04 10:00:00', '2025-03-04 11:50:00', 6, NULL),
(904, 2, 17, '2025-03-04 10:00:00', '2025-03-04 11:59:00', 6, NULL),
(905, 7, 17, '2025-03-04 13:00:00', '2025-03-04 14:55:00', 6, NULL),
(906, 15, 17, '2025-03-04 16:20:00', '2025-03-04 18:28:00', 6, NULL),
(907, 15, 17, '2025-03-04 19:00:00', '2025-03-04 21:08:00', 6, NULL),
(908, 15, 17, '2025-03-04 21:30:00', '2025-03-04 23:38:00', 6, NULL),
(909, 21, 16, '2025-03-04 13:00:00', '2025-03-04 14:41:00', 6, NULL),
(910, 21, 16, '2025-03-04 15:00:00', '2025-03-04 16:41:00', 6, NULL),
(911, 22, 16, '2025-03-04 17:00:00', '2025-03-04 18:39:00', 6, NULL),
(912, 22, 16, '2025-03-04 19:00:00', '2025-03-04 20:39:00', 6, NULL),
(913, 22, 16, '2025-03-04 21:00:00', '2025-03-04 22:39:00', 6, NULL),
(914, 3, 16, '2025-03-04 23:00:00', '2025-03-05 00:41:00', 6, NULL),
(915, 8, 18, '2025-03-04 10:00:00', '2025-03-04 12:08:00', 6, NULL),
(916, 18, 18, '2025-03-04 13:00:00', '2025-03-04 15:09:00', 6, NULL),
(917, 23, 18, '2025-03-04 15:30:00', '2025-03-04 17:09:00', 6, NULL),
(918, 17, 18, '2025-03-04 17:30:00', '2025-03-04 19:31:00', 6, NULL),
(919, 13, 18, '2025-03-04 20:00:00', '2025-03-04 21:45:00', 6, NULL),
(920, 20, 18, '2025-03-04 22:00:00', '2025-03-04 23:49:00', 6, NULL),
(921, 18, 19, '2025-02-26 14:00:00', '2025-02-26 16:09:00', 7, NULL),
(922, 2, 20, '2025-02-26 20:00:00', '2025-02-26 21:59:00', 7, NULL),
(923, 21, 19, '2025-02-26 20:00:00', '2025-02-26 21:41:00', 7, NULL),
(924, 22, 21, '2025-02-26 20:00:00', '2025-02-26 21:39:00', 7, NULL),
(925, 15, 20, '2025-02-26 22:30:00', '2025-02-27 00:38:00', 7, NULL),
(926, 23, 19, '2025-02-26 22:30:00', '2025-02-27 00:09:00', 7, NULL),
(927, 18, 21, '2025-02-26 22:30:00', '2025-02-27 00:39:00', 7, NULL),
(928, 1, 19, '2025-02-27 10:00:00', '2025-02-27 11:50:00', 7, NULL),
(929, 2, 20, '2025-02-27 10:00:00', '2025-02-27 11:59:00', 7, NULL),
(930, 7, 20, '2025-02-27 13:00:00', '2025-02-27 14:55:00', 7, NULL),
(931, 15, 20, '2025-02-27 16:20:00', '2025-02-27 18:28:00', 7, NULL),
(932, 15, 20, '2025-02-27 19:00:00', '2025-02-27 21:08:00', 7, NULL),
(933, 15, 20, '2025-02-27 21:30:00', '2025-02-27 23:38:00', 7, NULL),
(934, 21, 19, '2025-02-27 13:00:00', '2025-02-27 14:41:00', 7, NULL),
(935, 21, 19, '2025-02-27 15:00:00', '2025-02-27 16:41:00', 7, NULL),
(936, 22, 19, '2025-02-27 17:00:00', '2025-02-27 18:39:00', 7, NULL),
(937, 22, 19, '2025-02-27 19:00:00', '2025-02-27 20:39:00', 7, NULL),
(938, 22, 19, '2025-02-27 21:00:00', '2025-02-27 22:39:00', 7, NULL),
(939, 3, 19, '2025-02-27 23:00:00', '2025-02-28 00:41:00', 7, NULL),
(940, 8, 21, '2025-02-27 10:00:00', '2025-02-27 12:08:00', 7, NULL),
(941, 18, 21, '2025-02-27 13:00:00', '2025-02-27 15:09:00', 7, NULL),
(942, 23, 21, '2025-02-27 15:30:00', '2025-02-27 17:09:00', 7, NULL),
(943, 17, 21, '2025-02-27 17:30:00', '2025-02-27 19:31:00', 7, NULL),
(944, 13, 21, '2025-02-27 20:00:00', '2025-02-27 21:45:00', 7, NULL),
(945, 20, 21, '2025-02-27 22:00:00', '2025-02-27 23:49:00', 7, NULL),
(946, 1, 19, '2025-02-28 10:00:00', '2025-02-28 11:50:00', 7, NULL),
(947, 2, 20, '2025-02-28 10:00:00', '2025-02-28 11:59:00', 7, NULL),
(948, 7, 20, '2025-02-28 13:00:00', '2025-02-28 14:55:00', 7, NULL),
(949, 15, 20, '2025-02-28 16:20:00', '2025-02-28 18:28:00', 7, NULL),
(950, 15, 20, '2025-02-28 19:00:00', '2025-02-28 21:08:00', 7, NULL),
(951, 15, 20, '2025-02-28 21:30:00', '2025-02-28 23:38:00', 7, NULL),
(952, 21, 19, '2025-02-28 13:00:00', '2025-02-28 14:41:00', 7, NULL),
(953, 21, 19, '2025-02-28 15:00:00', '2025-02-28 16:41:00', 7, NULL),
(954, 22, 19, '2025-02-28 17:00:00', '2025-02-28 18:39:00', 7, NULL),
(955, 22, 19, '2025-02-28 19:00:00', '2025-02-28 20:39:00', 7, NULL),
(956, 22, 19, '2025-02-28 21:00:00', '2025-02-28 22:39:00', 7, NULL),
(957, 3, 19, '2025-02-28 23:00:00', '2025-03-01 00:41:00', 7, NULL),
(958, 8, 21, '2025-02-28 10:00:00', '2025-02-28 12:08:00', 7, NULL),
(959, 18, 21, '2025-02-28 13:00:00', '2025-02-28 15:09:00', 7, NULL),
(960, 23, 21, '2025-02-28 15:30:00', '2025-02-28 17:09:00', 7, NULL),
(961, 17, 21, '2025-02-28 17:30:00', '2025-02-28 19:31:00', 7, NULL),
(962, 13, 21, '2025-02-28 20:00:00', '2025-02-28 21:45:00', 7, NULL),
(963, 20, 21, '2025-02-28 22:00:00', '2025-02-28 23:49:00', 7, NULL),
(964, 1, 19, '2025-03-01 10:00:00', '2025-03-01 11:50:00', 7, NULL),
(965, 2, 20, '2025-03-01 10:00:00', '2025-03-01 11:59:00', 7, NULL),
(966, 7, 20, '2025-03-01 13:00:00', '2025-03-01 14:55:00', 7, NULL),
(967, 15, 20, '2025-03-01 16:20:00', '2025-03-01 18:28:00', 7, NULL),
(968, 15, 20, '2025-03-01 19:00:00', '2025-03-01 21:08:00', 7, NULL),
(969, 15, 20, '2025-03-01 21:30:00', '2025-03-01 23:38:00', 7, NULL),
(970, 21, 19, '2025-03-01 13:00:00', '2025-03-01 14:41:00', 7, NULL),
(971, 21, 19, '2025-03-01 15:00:00', '2025-03-01 16:41:00', 7, NULL),
(972, 22, 19, '2025-03-01 17:00:00', '2025-03-01 18:39:00', 7, NULL),
(973, 22, 19, '2025-03-01 19:00:00', '2025-03-01 20:39:00', 7, NULL),
(974, 22, 19, '2025-03-01 21:00:00', '2025-03-01 22:39:00', 7, NULL),
(975, 3, 19, '2025-03-01 23:00:00', '2025-03-02 00:41:00', 7, NULL),
(976, 8, 21, '2025-03-01 10:00:00', '2025-03-01 12:08:00', 7, NULL),
(977, 18, 21, '2025-03-01 13:00:00', '2025-03-01 15:09:00', 7, NULL),
(978, 23, 21, '2025-03-01 15:30:00', '2025-03-01 17:09:00', 7, NULL),
(979, 17, 21, '2025-03-01 17:30:00', '2025-03-01 19:31:00', 7, NULL),
(980, 13, 21, '2025-03-01 20:00:00', '2025-03-01 21:45:00', 7, NULL),
(981, 20, 21, '2025-03-01 22:00:00', '2025-03-01 23:49:00', 7, NULL),
(982, 1, 19, '2025-03-02 10:00:00', '2025-03-02 11:50:00', 7, NULL),
(983, 2, 20, '2025-03-02 10:00:00', '2025-03-02 11:59:00', 7, NULL),
(984, 7, 20, '2025-03-02 13:00:00', '2025-03-02 14:55:00', 7, NULL),
(985, 15, 20, '2025-03-02 16:20:00', '2025-03-02 18:28:00', 7, NULL),
(986, 15, 20, '2025-03-02 19:00:00', '2025-03-02 21:08:00', 7, NULL),
(987, 15, 20, '2025-03-02 21:30:00', '2025-03-02 23:38:00', 7, NULL),
(988, 21, 19, '2025-03-02 13:00:00', '2025-03-02 14:41:00', 7, NULL),
(989, 21, 19, '2025-03-02 15:00:00', '2025-03-02 16:41:00', 7, NULL),
(990, 22, 19, '2025-03-02 17:00:00', '2025-03-02 18:39:00', 7, NULL),
(991, 22, 19, '2025-03-02 19:00:00', '2025-03-02 20:39:00', 7, NULL),
(992, 22, 19, '2025-03-02 21:00:00', '2025-03-02 22:39:00', 7, NULL),
(993, 3, 19, '2025-03-02 23:00:00', '2025-03-03 00:41:00', 7, NULL),
(994, 8, 21, '2025-03-02 10:00:00', '2025-03-02 12:08:00', 7, NULL),
(995, 18, 21, '2025-03-02 13:00:00', '2025-03-02 15:09:00', 7, NULL),
(996, 23, 21, '2025-03-02 15:30:00', '2025-03-02 17:09:00', 7, NULL),
(997, 17, 21, '2025-03-02 17:30:00', '2025-03-02 19:31:00', 7, NULL),
(998, 13, 21, '2025-03-02 20:00:00', '2025-03-02 21:45:00', 7, NULL),
(999, 20, 21, '2025-03-02 22:00:00', '2025-03-02 23:49:00', 7, NULL),
(1000, 1, 19, '2025-03-03 10:00:00', '2025-03-03 11:50:00', 7, NULL),
(1001, 2, 20, '2025-03-03 10:00:00', '2025-03-03 11:59:00', 7, NULL),
(1002, 7, 20, '2025-03-03 13:00:00', '2025-03-03 14:55:00', 7, NULL),
(1003, 15, 20, '2025-03-03 16:20:00', '2025-03-03 18:28:00', 7, NULL),
(1004, 15, 20, '2025-03-03 19:00:00', '2025-03-03 21:08:00', 7, NULL),
(1005, 15, 20, '2025-03-03 21:30:00', '2025-03-03 23:38:00', 7, NULL),
(1006, 21, 19, '2025-03-03 13:00:00', '2025-03-03 14:41:00', 7, NULL),
(1007, 21, 19, '2025-03-03 15:00:00', '2025-03-03 16:41:00', 7, NULL),
(1008, 22, 19, '2025-03-03 17:00:00', '2025-03-03 18:39:00', 7, NULL),
(1009, 22, 19, '2025-03-03 19:00:00', '2025-03-03 20:39:00', 7, NULL),
(1010, 22, 19, '2025-03-03 21:00:00', '2025-03-03 22:39:00', 7, NULL),
(1011, 3, 19, '2025-03-03 23:00:00', '2025-03-04 00:41:00', 7, NULL),
(1012, 8, 21, '2025-03-03 10:00:00', '2025-03-03 12:08:00', 7, NULL),
(1013, 18, 21, '2025-03-03 13:00:00', '2025-03-03 15:09:00', 7, NULL),
(1014, 23, 21, '2025-03-03 15:30:00', '2025-03-03 17:09:00', 7, NULL),
(1015, 17, 21, '2025-03-03 17:30:00', '2025-03-03 19:31:00', 7, NULL),
(1016, 13, 21, '2025-03-03 20:00:00', '2025-03-03 21:45:00', 7, NULL),
(1017, 20, 21, '2025-03-03 22:00:00', '2025-03-03 23:49:00', 7, NULL),
(1018, 1, 19, '2025-03-04 10:00:00', '2025-03-04 11:50:00', 7, NULL),
(1019, 2, 20, '2025-03-04 10:00:00', '2025-03-04 11:59:00', 7, NULL),
(1020, 7, 20, '2025-03-04 13:00:00', '2025-03-04 14:55:00', 7, NULL),
(1021, 15, 20, '2025-03-04 16:20:00', '2025-03-04 18:28:00', 7, NULL),
(1022, 15, 20, '2025-03-04 19:00:00', '2025-03-04 21:08:00', 7, NULL),
(1023, 15, 20, '2025-03-04 21:30:00', '2025-03-04 23:38:00', 7, NULL),
(1024, 21, 19, '2025-03-04 13:00:00', '2025-03-04 14:41:00', 7, NULL),
(1025, 21, 19, '2025-03-04 15:00:00', '2025-03-04 16:41:00', 7, NULL),
(1026, 22, 19, '2025-03-04 17:00:00', '2025-03-04 18:39:00', 7, NULL),
(1027, 22, 19, '2025-03-04 19:00:00', '2025-03-04 20:39:00', 7, NULL),
(1028, 22, 19, '2025-03-04 21:00:00', '2025-03-04 22:39:00', 7, NULL),
(1029, 3, 19, '2025-03-04 23:00:00', '2025-03-05 00:41:00', 7, NULL),
(1030, 8, 21, '2025-03-04 10:00:00', '2025-03-04 12:08:00', 7, NULL),
(1031, 18, 21, '2025-03-04 13:00:00', '2025-03-04 15:09:00', 7, NULL),
(1032, 23, 21, '2025-03-04 15:30:00', '2025-03-04 17:09:00', 7, NULL),
(1033, 17, 21, '2025-03-04 17:30:00', '2025-03-04 19:31:00', 7, NULL),
(1034, 13, 21, '2025-03-04 20:00:00', '2025-03-04 21:45:00', 7, NULL),
(1035, 20, 21, '2025-03-04 22:00:00', '2025-03-04 23:49:00', 7, NULL);


-- Commit et fin de la transaction
COMMIT;
